-- phpMyAdmin SQL Dump
-- version 4.8.3
-- https://www.phpmyadmin.net/
--
-- Host: localhost:8889
-- Generation Time: Oct 28, 2018 at 06:55 PM
-- Server version: 5.7.23
-- PHP Version: 7.2.8

SET SQL_MODE = "NO_AUTO_VALUE_ON_ZERO";
SET time_zone = "+00:00";

--
-- Database: `muret`
--

-- --------------------------------------------------------

--
-- Table structure for table `hibernate_sequence`
--

CREATE TABLE `hibernate_sequence` (
  `next_val` bigint(20) DEFAULT NULL
) ENGINE=MyISAM DEFAULT CHARSET=utf8;

--
-- Dumping data for table `hibernate_sequence`
--

INSERT INTO `hibernate_sequence` (`next_val`) VALUES
(2),
(2);

-- --------------------------------------------------------

--
-- Table structure for table `image`
--

CREATE TABLE `image` (
  `id` bigint(20) NOT NULL,
  `filename` varchar(512) NOT NULL,
  `project_id` int(11) NOT NULL,
  `ordering` int(11) NOT NULL DEFAULT '0'
) ENGINE=InnoDB DEFAULT CHARSET=utf8;

--
-- Dumping data for table `image`
--

INSERT INTO `image` (`id`, `filename`, `project_id`, `ordering`) VALUES
(1, 'https://www.researchgate.net/profile/Alexander_Pacha/publication/325871786/figure/fig1/AS:639563877871616@1529495319245/A-sample-page-of-ancient-music-written-in-mensural-notation_W640.jpg', 1, 0),
(2, 'https://ai2-s2-public.s3.amazonaws.com/figures/2017-08-08/f0bfe867f75bf1399eaf7fd4e880bd27b7a4cc14/2-Figure1-1.png', 1, 0),
(11, '11166.JPG', 12, 0),
(12, '11167.JPG', 12, 0),
(13, '11168.JPG', 12, 0),
(14, '11169.JPG', 12, 0),
(15, '11170.JPG', 12, 0),
(16, '11171.JPG', 12, 0),
(17, '11172.JPG', 12, 0),
(18, '11173.JPG', 12, 0),
(19, '11174.JPG', 12, 0);

-- --------------------------------------------------------

--
-- Table structure for table `page`
--

CREATE TABLE `page` (
  `id` bigint(20) NOT NULL,
  `bounding_box` varchar(255) NOT NULL COMMENT 'Format: fromX,fromY,toX,toY (all them integer)',
  `image_id` bigint(20) NOT NULL
) ENGINE=InnoDB DEFAULT CHARSET=utf8;

--
-- Dumping data for table `page`
--

INSERT INTO `page` (`id`, `bounding_box`, `image_id`) VALUES
(1, '0,0,50,100', 1),
(2, '60,10,120,150', 1);

-- --------------------------------------------------------

--
-- Table structure for table `project`
--

CREATE TABLE `project` (
  `id` int(11) NOT NULL,
  `name` varchar(256) NOT NULL,
  `created` timestamp NOT NULL DEFAULT CURRENT_TIMESTAMP,
  `path` varchar(1024) NOT NULL,
  `lastChange` timestamp NULL DEFAULT NULL,
  `last_change` datetime DEFAULT NULL,
  `changed_by` int(11) DEFAULT NULL,
  `created_by` int(11) DEFAULT NULL,
  `thumbnail_base64_encoding` longtext COMMENT 'Image used as thumbnail in Base64 encoding',
  `comments` varchar(2048) DEFAULT NULL,
  `images_ordering` varchar(512) DEFAULT NULL COMMENT 'Comma separated list of image ids - when an image is not present here is sorted at the end of the list'
) ENGINE=InnoDB DEFAULT CHARSET=utf8;

--
-- Dumping data for table `project`
--

INSERT INTO `project` (`id`, `name`, `created`, `path`, `lastChange`, `last_change`, `changed_by`, `created_by`, `thumbnail_base64_encoding`, `comments`, `images_ordering`) VALUES
(1, 'Prueba Spring', '2018-10-20 19:31:02', 'pruebaspring', '2018-10-20 19:31:02', NULL, 1, 1, 'data:image/png;base64,iVBORw0KGgoAAAANSUhEUgAAAMgAAADICAYAAACtWK6eAAAgAElEQVR4XuxdB5xV1fH+Zs69r25hgaWLqIAF+0oTNEQExEIsWQv2EhDB3stfUWMjYsOKiNiwrAUrxRISCyJBjYq9oEgv2/fte/eeM//fuW93Wfq6omD23V8SI7xbzpz5zsyZ+WYOIXNlJJCRwAYlQBnZZCSQkcCGJZABSEY7MhLYiAQyAMmoR0YCGYBkdCAjgcZJIGNBGie3zF1NRAIZgDSRic4Ms3ESyACkcXLL3NVEJJABSBOZ6MwwGyeBDEAaJ7fMXU1EAhmANJGJzgyzcRLIAKRxcsvc1UQkkAFIE5nozDAbJ4EMQBont8xdTUQCGYA0kYnODLNxEsgApHFyy9zVRCSQAUgTmejMMBsngQxAGie3zF1NRAIZgDSRic4Ms3ESyACkcXLL3NVEJJABSBOZ6MwwGyeBDEAaJ7fMXU1EAhmANJGJzgyzcRLIAKRxcsvc1UQkkAFIE5nozDAbJ4EMQBont8xdTUQCGYA0kYnODLNxEsgApHFyy9zVRCSQAUgTmejMMBsngQxAGie3zF1NRAIZgDSRic4Ms3ESyACkcXLL3NVEJJABSBOZ6MwwGyeBDEAaJ7fMXU1EAhmANJGJzgyzcRLIAKRxcsvc1UQkkAFIE5nozDAbJ4EMQBont8xdTUQCGYA0kYnODLNxEsgApHFyy9zVRCSQAUgTmejMMBsngQxAGie3zF1NRAIZgDSRic4Ms3ESyACkcXL7n79LAAK2zwFymwEu1w04LglUzllGgPmfFwICIWSujATWlYCgcxgq+2g4zhkgiqV/IQbRyIdolXcJffVSeVOQWwYgTWGWGzFGQYconNYj4airwZxd8wgfYfcdbNviCPp4SkkjHvuHuyUDkD/clP0+H5wBSFrOGYD8Pvr2h3tLBiAZgPzhlPb3/OAMQDIA+T317Q/3rgxAMgD5wynt7/nBGYBkAPJ76tsf7l0ZgGQA8odT2t/zgzMAyQDk99S3P9y7MgDJAGSjSpumWtQJSX5rDa//vpr4+2/+zo2N6bcGyO8t38bO31adBxF0CwFuDNFoHMbEEI+F4KV8+NUJJFQlEKsEZiYJ+FXKlJ6sTmEgLxth1RyMXIiKI6xcJFMpMFVCu6uQ9EuAVRXAt6nN8E4F7B5BTOWCIi1gJAchRAFFSFUnwE4ZDK9EoqwUmJcgQDd2kte+TwAGOoWA1iFk+yGUVzvBb+JZgko3BZSlgCoFJ+dMOM5VvzaTnpZvhwjizXLghZpDUQ6UE4OCg6RJgqkKRlahuroYMJWEeanNNdZf+5ytEiABDyjarhUcbw8Q9YIvO4JMKzDHIJKCmFUAfQ/QB1DyAcoW/kz4OdEYYQgQQmSvtqBwT5D8CSK7QaQViKIgpWCMD6ASTItA9Blcmomk/AeJWUsaq7SC3lHE0RlEfSGmD4CdYNAMQARkaYA6CeISsHwFovfh0NsoKfuGMK+iMWOsvUfQzwFWZiMe7QjinQDuApj28HV2QD0MKx+GloHkBxhZBK37gehvYI7XGNRfTDUJ5jK3VQeI3heG9oeWnSHSEkAUzApGPEAqoWghDD4E878A8xEqZ69orHx/jYzWvnerAkiwskX7doBjBkHroyDYKxAm2RVorU8VERDKAfoIjCkw/gtIzF3Q0JU9vap1b424MxCi/wpBb0CaI9DQ4F31X5i2UCIaTKtAPBOiH0NV4l3Cp8UNnRABFCJ7bgM3WghtjoKRXQNFIfvO4Kr9Z+377D+rwfgK4Odg9JOonvMTARa0Db4CuUb23QbK9IXgQMB0h1BHiFgS4mqmbvAZYt/pA1Qe/F+iZiCoXwqQQL7Rnu1BdBhECgHZEyK5gXzTw11zrGknQINoKYjfAvAEKle9R/hqi5IitxqACApc5EQK4OmREDMIhBZpZV1Dcer9ayBQ+z927SsF5E1ofT1Scz9rCEgk2rcj4J0PkWMAyk8rQRqKG3HYahXXKtB8KExEpX8fYW5pQ7RV4t33hJZLQXwQBDlpYNSOcYNeotQobRmAmQDfisT77zd0dQ2sVQ4dAIO/QeveEDSvGetqJa0Tc41Ia0ZZN6bVAG6QBQkA2aJfVySqL4KYIRCy77RATC8+ZIdUf2ZrpjnAJgQiHpi+gOM+CHaeoJKZW4wYuVUAJFhtsnv3Fi2XkZE/AxKrt6qmXRyRcoixrkfE/hpiXSC4dZNoUAnC86hOXgN8/OPGQCJZ+7aCmEth5AQA1tyn5SAB2BJCUk4iZRAxII6D7J6EYiA4wXdZ6wUyEPkeiq5F5ftPb2xVD8bXonc7VOkxMDgMTFl13y121awZH6QCLALDOUCwckfqrfBWcapBeAUuXUVls7/ZFCgFu8cRjx4NXy4AUWcQQjVjrbcMkB2zAdWorLXLgVUR+0+7YNS33psESDDW8J6d4YSvgpYj7M6mbi7T8q0KLL+R8rTUJQ7Y8cLK1y5StZe1Jl+C6TpUzHq+oQvCpmTyS/9+iwMkEGio+y5QdLkIDSGSrGBVFXgg+hFEb4LMu9D8E7SXgFJxKHSCUB8YORCEbYKJTLtcxWAaD0rdThUfLV+fMBahINY2HhoJY86HoFXNymYnqizw90mmA/gcQivgaQNF2WDqAsGfAewHUPp9wUpnvxHvgvlcVM6at6EiIsGezZAVPR+eORck2YHCpCVvV8Y3AbwOxjcwfik8EoRUSwPek40cDJECEFYDCrISzBNRueQmwvwNrqyCbs0RixfC4ByAuq6pfOKBeEUAcNCPYCyDwyn4QQ1UNFg0DNoDpiuA1iDihrpYgt3yEIueA4MLgoVstSdVDPA7UHgDor6E+HYfKTCSC4aV70AAfSGSD2ILUCvfJAivwahLKPned79UuTfH77c8QILVXK6A0UODiSG2ym43bp+A1V1g/SrKPyiur3yCQgX81BZRsr7tuQA61oDEgGghiIaj6v0Z61t1JKvXztDyKIC961ZTI2VQNAWgO1G1Yh7h22R94ab3Dr22AeN4AOem90U1lsRaNpduQnliHOGTyvVNiuT07gHPPAJgx3p/XwrFzwD+XaiY8zUB3prv7BTxo20KHJLzIBicXmGDd2pAvgXT2aic/cb6LGWwMc5qeQg0bgHM9mkFr3NIK8B4C4xn4amPEKpYhgpUAm6N01OhkBWOQuKt4Xt/A/HpYFswFajKRi1Iet/Rqwdg7gFo7/T32ttMKYgfhU/3IrX8h/XI10G0e1uArWxPBlGL9L3GALQQim9AxazxDXGdNwco6j9jiwIkULysnkdA4wYA28P+u3U5YDeluBnVeIkw2/re61zpySjYBuReDCMngyk77frY+62fnrp57b1BcE+s5xAIxgPITyuNtTz0AYSvQvWsf23IVUpbuoIdoZyrATkSIOuuWDvig2k6RJ9FiTkL1v7QYIzxXifAyJ2Bq5Z+p12q34fiK1EReYcwc72b7kDR4837wagrAdMLRG56jFIKottQtXLM2soWPD7eezcYuQoiRwRuqN1jBMqGnwF6BiRPo6r6C+CTqg0pXToP0ursXxLmrfneY2FoDAj5ATjS7ui/QOpKJN6bvbFSXYntsxeEr4dgQDDWtHyt6/wCEhi1IV3Y3KDYigDSuzli5lYYHGc915oPKwHRfYipm2nFuxuNYATKF9v3IBh/LJh2DFY5MVbhX4fGKEqu6afXKOuxgPwfhKMQoyHGh+IXUZkaQ1i/W1YrsCAvk509FFpugKBtzZ/bvcEXYHUiVc36aF2AdAshnnMhtLkaTHZPYZXGB9HjgHcFVc1dvLEJlryCXHjOhTAYCQlCwfayuYNn4FafRyUfr+FmCbplIZ51OgwuAeq+0b5zFZjvRlXiQeC/izdVU96YRKGgIIbcyEnwzXmBq2aMDsK4xI+guvpewprfuq6sCmKI8zkwdBFAzWtkZV3tDyEylKo/+OG3BMP6nr1lLUhOr57w5EEAu9a4D9ZF+hhKnUfl777dEGFIqGAnMN8FYrvqpAM+gs8BM4Kq5/y7/jMCKxDpux1cvQfYUTC+j1TSh/B8pP7zZUPCpxLpsR+A+0C0y+oNO35G2DkZJe/OXHtFTrs7+ZdC6ytAnF4EjPhgfhRkrqDK2Us3ChC7YW75pz9By9HBxj39ALuBnQPWE9deRCTUa2c48o/Ap7ersAkEYn//IgwuX3vR2NC7GweQfg6yk52h1M4QR8Gr8pH0fTjuV0jO/n5TG+20V9C9EOBbAGybdptrPAoVOo4q3/6kITqxOX+zZQES730ujL4aoLya/YBdLSaD9GVUOWdJQwYq2Ksdou4YgIbWKKy9bQFA5yHx/pT1rZTpTHLdZcM1Dc7EC/YuQJjHg9Ve6eiMVUBejEj4dKyaOX1dgBQqxH4aDiNj0gk3q9/GLgTvALgSidk2ZLvRvIZ06hdBIpSDCKWjPKQEqKrG/Jml9d8XWLis7COg5R8AOgTfF7wLq6DcUahYOmV9Ltn65NwYgNQ+51fJN9bjUBgaC0KXtE5Yd1R9g7g6nla8M7chOrE5f7OFAdLrcWg5KnA9rK9q/U1Wt6Cq4vYNbXjXNcu7t0IsfAOET18dGpZlUHQJyt9/fFOr1i8VZgCQkHoAitObUAsQ4iWIhU7H8n9NW++mOd7rQBgzMVDa1flH60o+B/EfRCL8BfBu5abcnk19azpaFrkQvrkYRGlrZfdICm8j5J6C4nd+QSJ1yzRtkPoAScvXLibfIhodSiv+2dQA0nMODPYEkVOzwS6B40xAJPwKiNaI6mxQObxUcyS9MyFy6Oq8IpZD0WUon/XoplbntA4FWusAPaOI+XEYFYGrwkhamtfaF+0K4mvAnHaxGgSQ7m0gzrUQffLqzb1dD6iCCB+B6G0wPoSkvgXJYlQUlwPzLd/rF/Wekmjv9mAZAxMkP1UwMpEqsLoTVZU3NHTRSctk8wEkbVG6OciLRJE0cRgnAldcJE19S27fSnDc/WHoUhC2rZFvEwZIrOdPELQDkaqJztgNdgVAa4RZN75yGoIEibc0jymYXVkCxsWonP3kpiyIoHMOslt1g/F7A2zdpu0gphlMYNXWmsDg6SFAbBgy3GCABMmzgu1Bzl2A9AcFEbDaZJ3d5GsIqsA2x+F8D8ZHAL0LJ/kRirGYMLdBi4Vk9dwFQvfAyJ9Wu5tB3uRcVL7/zNqh5I3JdXMBJG3VsvaE+D2BgDpkQ/I5MBIBasLPa35INKD82P1Tk7cgkR5LAWoBDgBSs5j/wl4rdZSFGnSkHzMfhs5F8v2X158nACO2X2tQqj8gh8GQnbg2lq5XkzOw+YY02tagYdTNZO3fNciC1FmpeM/dIHQGxBwCoXb1Inc1bJLAmFmrYQFhM802U/8BIG/Dl7mo1j9vDCwSK9gbou4HaJ96Gf/FcOk0lM2yOZMGM4J/DUDEWuPIvu3h0gBocyjE8rBMi2BxCXIywsGub2OyTcu+ibtYoe4rwJQHtpnT2pj5pjztBvw94TMIjaDE+++uu2exhMg+PUBmBIzul84UW8rKavNTQxayipqG35q0OvtvlrxnSXcNBkgNSBjYtyVipifYAhN9IDbJSXbVXNvdsB6HVegUiFYA8hFYTYEkp28oNCzunt3B7v3gwBKm2QWsFiAaPQUr3vz37wGQdC6k5X4QGQmRnhDLqauh6NRMclq+1n0M2A+rr9XStvLl9JQ05T1IuPuyIGtqAZJOgKUgtACEFQ2AwYZ/YkPFBrdQ9fvz6/8onSjsvg+AG2Bo34DSno5oWTcnBQRU72+g+HsYLAPMunUJRtpBcCiY2/5SgNR+S0A7j1e2BLldIaYXRHpAYGkdLSGWnmFzQqLq8dGsLllayxKAX4QxdyP5wTfrRMwCgDj310XYgiQoL0AsfjJWvPH2bw2QgHCa5fSFj/8DSR+gLtlnh27d5iWAfA1WPwCyAjDruo6BHGQQwNbNauIWJNpjAYTa1rhYFiArQWocPP1igzfp64NJKlUJfLRw7Q16QFI05uZgE5smAtauX5YX9BaYXoAnHyPsLUe5kwKc9YR/q/ZCSN0JpWytyi+yIOtaM1ufsTiKSKw5yG0H8DZg2QEiOwHoBiHLLrBEvhrrEoSUV4LMi9D6ZkrOXYOflHaxnPsAdK+Xo1kEVqeh8r03f0uA1BBOd4SR66DlELsU1YzX7ist72saHH4BKe9zJPUqIJRcV74+ISqDIHQjCDtkABLv9QmM7FwXxSIpheA6JJbdR5hf/ausyFo3BzmCWHwAQA+lSYqBC2JtRzUgRTB0K1KzLeFwo356Y8K8v2QcwSoc5xbQoS5gfwBEDgN4Z0Cs/17DJJYVYPwDlepuwqy6QjEJ9dwFLu6BQf1N+goo52xUvPfcb7lJD2j1MQwF9C1pensdVy1hHJ7kkzcuVD73q03lnCTW4xAYui3IgzR5C5LV+wX4ejCYwmlvX5Jgvhdu9XVrUyh+iZKt77cByzQ763L4xlK/0wm3IEtrZkPkGlTPsVnwTRYiNQYg6Uq++tdMGwHY5IZZ0KMFYgGD2NJM+oKCyJp9kA/Iv2BoRP3MuER7dgDjVhhboBQwYu1/KuCoW1AhY+uDaVPy/KWbdIn3bB3IUTAsHWIOLh+Et0BBRHGTi08wJRmA1NuTZfW6CtpY3o11I6y7o8GYBkedS6Wbl94s0e7bgJ17Ycwh9ayHLaW9A1XJOzfFw1q9f9ijB0Kh+6HY5m826mKl8yu75yM3Z3ewpMmN9lK8BCsWr8MaXj+wO0QR2+Y4iBkNCqj2aQKg4Ds4GEYVs/+5+tv65iHuXwZtzqsJJdvfpsD8CrhqBFV8smxTwFj9rF+WB5HsHl2h6fYa5nFtvL0crK5G5YIHGloSLbF9hsAom0nPuFiS2+tApMT6zDuko0iBz/M9lLocFbOe3ZQ5buhkBzqVe8AO0JUTobF/3asgqyB0Oar9xwlzqzb1vCBCE2l+FMiyj6k2kbXBTHrg1sXjfwbUTTV12LUAeRO+d/X62L/rBYnlrPliKeQFdQAhLIRyz6Lyd15erdSdIoi3ORZGLJcpvx7VZD4c9xSUv/teQyxX2rjuHkfIORfsXA6irJog3wbp7jUM4nGAWPnWuIJYDuLhqJplw+0NsJi7xxGNDAMs0ZJsHUoT36Rbs2xwDwRDgmq9dOFTAopfgsNXovQ9S3BrME9qYwoukV6dQJgAyAH1kmglAF+DRPnETTVEEMBFtPdegLkaImk69qYtiIN49z9B1EM1CbL0JxJ9CpHhSMy29O9Njk9y+vSC598NqgcQ4EewGk6V781YDZCAzm/rXO4IauxrE7A2AqbUbags+wdh3qpNLwSWor/vbjD6SogMCaxROgq+YYDY/Y9Dd0KCRGgtQOy7RiHhP7epZGeQbc/atx+0fzUENsKYrt5s0mFe65vHEidBcD1gE3VBZtUqTClAD0P03aieM7+hlIs0paFDGGjtrz0hgl1bI541FkZqSI2Bq5KCUpPh8PVU+s73G1KcwHJkt9wHvoyqqwWpS3LVcLFCodNRvCYXK11+uk/XoAIQZBU27XoYUwFFN6Ky6v5NNX0QtIshq+PJ0HIliNrXWBBbSPRfMJ9Gle99XP+7Jad3c2hja2RGgDi3hsJjx/oNBBcg+YEtJNtgZj5N6Y8XwLf0ejoMFNTO175iwwCJ7NkJFLYs4qNqFNu+s9oovpcV3UBlszYITEG/CLL9fWC8q4IAw5qsCJuP+hZxd2iTIysGptzyh8gW9xhL586rF6mxILHdLSYD/hwkVi6z/KS65F3NWgx0dpGdmw2j2gO8K6D3gVIzUBZ5vX4hUlAnkZ11JnzcGMTngxxUsONdDJF7QKHHkXhnUe1GPQ22ggiywttDMAjGHAMx3WrCw+k0cO1KafMTjnM6yt5dh6wo2DEb8WZXwNB5dfemK+W+BtPDcPg5lL5nO5Wso7RB2Ww8ezCMjIKgAFxbMGU7ndBksLmUyj9YuQZAAkp/rz+BzE0A9awHSvv890ByLxL+P4GPVq5ZpWkXK50PJG2ThVOC9kdBqDboK1GLkA0DJCi1jV8EIxevrt0PmMQ/QclN0JGXUfW2PdtQ13DfGOgZR4w6Azw4qCgl6ZzmxNXVwVtLlAZIyDmByt6bsynrt7n/fouyedO+Lgh5+++K6tS1MObgIKKVTtzVtJ+RYjB/CqJPoPg7KC4GsYavXcDkQbCtaNOFtNimBK0BZMGhMahIjKlPzguKpXL6dIdnHoeY7cF1IVP7CTZh+R4c9Q6M+dku8WDVGsbsCmP2gbGTaPMRQR3HIkBy0t1B6lyJZXAwHOWzX1ovtSXae990GSr2qDeB6W4s9r1M08A8FxRdhlSpdYeyQNwVvgwIOrxAOta5dEHrIXwH5ZxfA8h1CI0B/ykeGQ5jrgmy9Fa/jbHy9ABaHJTcKvoXRP9gG7fpaKSFsoDwzP6A7g5wTfkB2QYLLiA1vLONuFjpMPrBENwFUJpqb4vX0rX7tqfY21DOewAthRKCb2zB2W6BfAXbAWL3OdVBAMOY2oRpLUDmI+qeQsUNqxHanCDZ4gCpAYlCVu++0OacYI+QjmrVulvpCrw05cJmu23oMKDCAuIE+QGxZaVs2avphBrjMVDqorUbNwh65iCuroT2R4Bgm6HVWgGrZNY6JYIEZTqU6kIsNwv2+TZkmgDk33DdKdD6NAh61LN2FsTnoPJ9S45cj8IWxBB1DxOWa0iLjc7YctLaxg+2MUElQLYysDIAoU1i2urBdB8p28WlloZiO6nMB/FdSFQ9tMEaeCuB7B6dofkSGDm6pulD7VybIPdDZDvFVKWLqWwhl2RBxDILHJBtRsGfwFGz4ev+QeIybUU2XpNuvQHIZem6ctjmFDU7LGMgZMdpc1uWEWDn1MrV7m3su21TCPtNr0Gp96H9UyDYuZ4OLILDZ1L5rFc2p/I35FlbBUDSIOkcRqxlN0jQGOEvgHQKBGT7f6zdp2ndkdVnS9ka8SkwoQsp8e91a8RtxZ0y10Fgw72WAZxOGG50syy279UMCB5AOPIDvNRdMGLzN2kWcrpu+iokZt+7If8+KEeNhw4XbYYTxGa6raVcl4m0emxrzQ2lQOZbCCYioR8lzN0oHSfIvWSldoLoS4L2O0S2WKuWQbwh3bB/XwHBv+GoiSBeCuNdC0N/qumKsqmmDQrR3gU1LvNggGrzPxsJRNR0oyGeCuOPA0U0xEsHGWrla6ONpC5F1ayJDQlqNETxG/qbrQYgNRrKiHZvD3Zsb6xDatqAtoUEq0yawGavumm2HT5IgwIelVXin0DyGcDTUFX15vpW2Jo69r0BfQYEBwS15el+UenGcTW74OC5tu0M4wcQvwL4z6Cy+AsgN4KYe3MayPabgrvsinsfKsM3EGZusD1okG3O4l4w2nZj2R8iHYINaVqR7LvrA90Cr4asKMsBeh/Ac0jITMKa+44NTXawj4r33BUGJ4HkIBjqWLMPWnOsEjCIbc+tZQC9GnQ1TNAniFArKHNDUGtjrbSVSTT0HrZrfQzNLVpvszxBpwiyWtsGdcNgZF8I2c6YVr41jeOCmZaAiElBj6xvwXgJHk9GctYPiPVpDdG3gyzlpK7vmbXs41BVftPv3bd3qwJI7UQHWdxIuzZQ1AUGuwDcKd0vyRL5jLUqVsApEEohtByQRSDMB8l8VNISoKJ4Y4IMQBLtaX1gW6PQM6A1CLUCmWjaWgXm3hLrPoPGO0gmPgY+sb1irVPtIK/vQQDtWwOqNOMUzn9RnP0S4eWN5lOClT1W2goU2R2QPSBiWwG1DzotwtZIBPt/H2LbqmIpBN+A8AmM9zGSZQsaWjK7WpZWMXdviVjU+vr7gcRyvFrX9Dm2Lpv9XptA/ByE91EV+gCo3Uz3yUZzNRha9gDbzbMYhNwfEJVHaf7MDVKBgkhYJNYBinoBqjtEOkOMbcJgXTg7QOvaLQzcOLZ9xeiT2ihXENHK9YYE+zXmGgtkGb34EKuKX8wAZK3lcHXodpsoYk4YVaXWkgiy4h4qdDUw206U39BQcP3H13Udj22bBzItoEwcniIwV0FkOapKVqxvQgKArVnXbh9rGpIMW+v9DrBnFiJucyg3B8ZPd3cnTkH7pUj6xUB12eZSimDhibbOB0XzEVM50LZphZTDVKxAomzF+vhv6xmrpclskpJT4xEQUBBFlC1jOw/GdlEkAXMl4C9HZdWq31K+DXWjNva7rdKCbI6BZZ6RkcDmkEAGIJtDipln/M9KIAOQ/9mpzQxsc0ggA5DNIcXMM/5nJZAByP/s1GYGtjkkkAHI5pBi5hn/sxLIAOR/dmozA9scEmiyAOlWWBjKXx7nmTMnWQ7WL+pguLbg+/Xr5yST+e6sWUW2c0ftswgYbf/7q569iUmm3oWFkbLPoefNK9pqTobd8DeP5n795ofKy0N67tzxDWqGtzmU/Nc8Y4sDpHfvwqhSbqTm5Iy6sZR5KvXJjMfWeyDNrxlwzb00+Lgz/+xraQf23nr9qYmLGv/M0XzoSSv3qU6muvmefn3m8xMWDjzxxJiD3J2VCjmJnxd88cYbq2kZnfr1izRDp4gq/7Ry7tyGdUzc0Lft2e+UZs3y3cONLz9V/sRvr0/pCgqGuS124TxHq6h4XLUsL1kyd/yWUc5Dho7YPuWbfQH64XVZ+T6KijZZZdj4edk8d25RgNjJa9VVHeJp2d/yfGoz0ULii5GPv/p51as/zypq1PHOmxCPGnzCyBtEozsLrnjtqXs+2DhZccNPKywsDPnx9qOqU36hI+bi8sVV/4m1je9nCCcqpk9WJRMTZxU9FBQLDR58djiV7Q9mmB6W8/T6M21mbczCFAwb5raqDLeOktKrfv54+cyZax60s/9fTt0mEg1fr0U+Wl5cNWHtBaXv0BF5WUIHCUsPGIozU6UYM1eUfnP64+M3ei7J5lGvNZ8y5OTz+ni+fzIzZs+vXvrYvKKt3+ptUYD0O2V0JMtbcY1vzElE9G8imk8ktnLBN4Y+mTd/6Wu/FUAOOfncW25g1RAAACAASURBVE3K7x1S6oIXH79r1q8CSHaHC5JJ/3jFGFXuJ+eF4Njirw5C8szrk+/9b+2zBx05rC1C6lYhDGKiceUV1be9+9LEDR4SNLDwjO1UKDwy5DqrUmQenPrwuDXOXew8eHC4S6zdLpVMJf8u6vBjfbANHHhinFo1O0q0P5zSPKtvWWgXX2RnEnm43EQnzSq6/bdYfDaIrUOGjsjTEtrGRLziGQ/f+3NjZf5bgHdDz9yiACksPD9aFfauM4JCR/G55T81n15evigwu3PnFhsgbYIPLByW64ZMdiIV8ucvryqZP3NSHVGu3ymnRHRZKE/BqFBFsnhGfbesoMDt37FXjmck5jJVvfnCspKaZ6r1AAR9hpyWFQ6HbC0KSqtN8dyXx2+IeEg9Bx+fHc/Kzo6AdSQePq3a848LALKgfHYyy7Qo89zEvOkP2TPU66je/Y85q7tD8oA9q5BIXlNEl746+b50qW+3wlBB27xo9eLiRP72eTnNVMyv5OpuFKJbXNdZagz+b+oTLb5cy+JQQWFhDqqrvbkvr0mSPKxwWEfPde8SSA55MmJa0X3fDC48eyet/LEElHrMl/5U/P2SFugcrshaUl27mvfpc1p2SbuIzCtqVdW582y3RZfmYd+J+82yTDZLRHlLKlbNrC//fv0c1bFbrq5IRsNKqqYXbVMSfGO/fs6ezTpltU0uTaQi+VnkRPzi71HltKqMLm3tpuZPSs9hQUGB22r73Zt5cKOVZbpi1vSy0po5ooLDhkUj5CuzPNePdSrPKfmaV/3ee5etBiCK+axXdmg+DaPX2NTywMIRe5FDRxOoo0BSIuZfOln14psvPLpq4BFn5lPMOZKM7qNBIQX52PjeUzOKJvw48MQTo/CzDxDCQDJoo4AlPuup3qK2M2bOHC31AfLzF9VzWnTmHRWrIw3JLnbiiOmDymTVY28XPWzrLtaoZ/hz4YgdQw6GErAzES1yQm4b7endFdOIlx9r8fYG3CY+aOhZp4qRS4h5pTHGkMHo6c/cZ8uK0efIM3pEHHdIiJwvNemCWCT0Q3XK29kYfTARVxHRM7FY/IHnJ4yxK29w7TvwxFbR3MhI38iXP670X6i3cNCAoed0VmIeEjKrJGGGzXjh/mXWxZPm5lgllM+eesYPeTv5Gn2N1lPfLHrAWlH681HDzsuKh5LJlHk5lUx2C4fVvqycUgPahcTEjJZ/G2Mmv1E0vrRbt8JQx11b9hfFh4iYVoDttOI8n/y5fE64bXwHI+ZERc4PIL0jSP7LOvSlj9QAYv40uWjeq8jfJRJhDBTGQZCgY/4CAb9U7i+dBeREY3COUMpp6zDKDLBDqhq3vfX8PT82SQtCkFGvpZZNrbdxowOGjuwYEjPRGIo5Ck8JeCdtdF8S+oeEzDTSfByMDBfrngmWEcG2FH1VvOTfxXEKIGx7Sa0kknfF4E8E6uQ4avirj497rz5APKMXajHXkGBvpZznhZBrfH0MKb7l09TSCT8Xrd4H2aBCTsdWlwmZU5Vji3xMGcBH24NqHIdP2xBAgvs6tbxHBDuy6zwN7R8HQZFxKh6Y8diCZP+jOx/LrG5yyakwkP9EQuGXE8nUdiLmZCIuY2A8s3nh1cn3WasUXPsfekqXcDRSZBgzK8rKr5499Ym6A08HF56dL0r+blgf4IBuWFruP2MtYmFhoVq+fDl17dqVFidCo5JaThUxY15/8r4nLEN54NHDXwlHI5WizPVVFakBDvPFxPwlKbwuWgrEyL4uqysqF7V8JNp+RU/R5gaBVDHTf4yR/cDwFekLXAm3Top+BERJCL1PCs+4jsMpz7+YIDPKyhO3xnMj/eCZMRD6Uil6U4SOMGKUElymjVoK1qOJ6SAH/JUv8nZSy7iZRfc26OSxzQWircKCeJ45gxhzIFgYnOAH81M1khOz3Hhr7ZvnIfIKUvr6UE4o1/h8NpR8Znz/IzF0lZBUs6svLanSxdlOaDSEugA0mkgfB3APiNzw3X/mv7H93tsNBJmxxPxC0sf18Zh7fe0eJJGsWszKOYlBK7ROPUkqOwfsTYbgx2p4Z898cnxd9d5BJ4zYEZpuA6jCdZ2Lq8qLK0PxnNHQ0t9xeEMWhA44cmRHJyTP2gNzlMPjfd9cy5Dlvq+vfqNo7uL+R+9zjGK+PhRyn1qu5abZTyyp7FfYbLeQ49zhuu5Sl/nSKZPuWKMZtwVIJBp9VkhmlpWX/199gNjQc6T9HnuJ8a4AbBtP+RCGX3fYvLvkK70gO/tryd52j7NTvncaNI2Z/tQ9j1uADDhm+KvRcLTSOHxdZXnFwJDDwxXT7VULEw9F2sb2EcgDIPpagc4zZEZCeF8mfXNxynsvR4WOE6KRYFwbJ3dVQnsTicxzKfFv0ou/XZnbaa/BKc+7kkHTk6nkQ8p1LoeRniw4a+rSL/5zULud/mo0X8EOPckpesVncxEx7aQIF39d/P3sb6dOXbtpx+bCwQafs1UAxNfmZEX0Civ6UgSGiZdWVZS8ForlRo2YO8TItkTmKePzm0qZEolHy5BI7iFCtyvCNDcSv+GliWMq+x1x+i5gbgPGirByriemFFiumPb4fV8dfMzIrj7JeMCUp3T13+Kx3EtrAWJdrNztuVXIUR1dl5qxctukUt75RvSPfoV3xpsvTag7aHPQ0Wf9GQo3MPjVZdmpMdsXF1Myq/2FfkoPtXuQ9VmQtLJ2O0yMuV1IbtEJ9YwbwTWA7CMil/786YrZbbo1P9pxnGuyo5Fbnn1o7AQ7YwOPOXNXZr7bcZzFynEuefHh29YoId4YQOz99r2Uv/MOIUfZphF97U5HguIoGpcKV76dLbkjNgkQ1z0tGnavm/LwHU8NOHZUW8XyoDGmvXJxrmhcboTbGNEvGKOXsnJ3U5DDXKXGulCfVxtvPJNzW6Vb9uDMSZOq/3Li+YelTBogqVT1C+Q4/yBDFWF2z3zpyTuXHnTciN0NbNMHzIf44yHOcOWoNtEonf78hHF1ruVvjop6L9gqAGI36cx0gXKjr4tTosu/TplgI1hYqA4O5e0ixjnBwB5yY+zxCNNMgp9XWdhNxNyulPOMijUf8/L40XZDTSgs5AGm+fbKVfex4qUh17nSrrz7H3vWNhEy94tB2PP8U+LZ8QtrAVIN/oElNdSI9GOlKlx2HE/7fUX7H1b71afPLJpUa9bpkBPOPtj3tVXuidOfuu+BwsJC168XxVofQAYPPj7HNMu+DqDjWfHzLPy1NmZ/gewNxnWLl5dPzm8WOyIASHb8xmcfGPPwrwVI4EohPxqtUJ7tmuPntm3BiPYXknOY8FkkFLpWazkiZTZuQcKue1qkBiB9h45oFhe6R4zZGw4uYk2XaUJb0fKREVNFBJeZOcTOsyFWJRYghpxbk27ZQ2sDpDpR/Ypy1VgCzddGn233NENOOHfHlPHuEpFS0eZuEJ/uOqp1djh22lMTx/yKXFXjIbXVAGR9m/R+hWfZo9XaMPsSUW57IzhUIH0h8igTLTSg6zmwIIkbXpo4sWL/v5zawXCouRsxfkicm8GUUg5d/tqj93x96NDhXVKiHiRIRdKnM+Ixt86CVMPLg8YVEPpQufxIOBZxk5XVtxutV1T7iTPqAQSHDB1xoC/0dyZ+duqiz+4ozM9nL6v9hamNWJD+x4zs6rBMgiBfOfxR0FAN1NxovTsTT/EqkzcgogasDyD2bPPQL7cgNGDo8M4unJPImPcrl7SePnPmaL//ESe1UOHsG4mkC7O6gsT08I35m4DGvv7UvY+sz8UKAOK610155I6nBp54Zj5pfkCMdGHwuWC5xLZc0NobU5HyvrVqyKwkKl5FTjxv740BJLAg7PwDROVwzZkzHrt/2cHHj9rNN3pc2oLQeNt9MgOQmjAvE86Zn1w6LX/58oCaMbO8nAbv1KNAa5xNwOTvSp03OjfXuxtD42BkrsM0xZDYxterGLisylu2MsQtRoHUTiwp2wjuZCHZXRRdP+Pnef8c3H63A4wxdzAwvawycXWzvOzrrAVxQ3Shr9FV++ZCKLpv8fKySdu2yOnkER41opekSqtPn/lanQXBwUPP2tMXGctEP5CnLveQTEUj4f/zNQY7Cmetx4LQwGNGHERE4x3GU1DOIyFyUknSbUzSs02mw4C53NNm9/UBhBTf5bBa6Trq4l+wB+FBx4zckxQeFJGPfaSuePPJCcsPLjyrlVFyszB1ANMlorGbGLkQjMd/KFF3bhspzeJw7KVIKLJEavYgrqP+5ih3zGs/N580qMPKbqTNBMCUuVAjPbIN7WQPEP992qLP3izo2pWyy5EL36nOC7u9NwYQrb2HDfNVZLC7sIyYMfm+DwcdM3KIkLkWoBdI9BQBX9CkAdK78PxoXsgbbcOBDPUqGF+TCTrGacP4jkmWai03EVAsRl4HcVsJ+uLKkyzysgEfQZAjiegdA1plO6EwaK6WxFiHIgVCMkpAi4zWH7PiAgh1VtDXvLb4q38ess1uNxtteinBxR4kl0SuMUSLmfA2EbcR0X/RoJ+TlYlT//3iw3W+f99DhubFc5pdRpABYJ4GSBkZHiCQ1iFyznppct479cO8nTsPDncu6DRSGGcT8chpk++ZZgMRQ047LTuVCI0U8CEkdJsnOqZYXdUsO37zM+PH2NUcBx17ZieQuknIdCGhieInn5pek5UP9hhDTu/sRNynAfyrvLx89Bqb9OOGtQzDPQsig5j4HU36OzK8PWAOEKI3wxX+WC+LuhijriJGVCl6RRuKQ8wx4ZD7OQR/L08kBrlKXcCK3xFgJgTdxMifmTHerCgfr/Ky+xjG+URSQoL3jA21K2TDYIoL1TIFfS9Y3Y48TJw6blxyyMnnHZLyvStYZEbKW36HclocaIQvYsKnBphLgj+TzdtAxqTELFBQV7qO0yonHB3WJF0sSxjsGGpzgva8Q0mRIdtWJmgKQ7a31QdJWflEhHILAC409tAbwGfIHN/XT7xRNP7nwUee0c6EQ0MN0IuFXCL5zIAfmeEv/WZwRZu4NNOHCHCQiOQTsEJAr6pSNWXq1HGpg08453Sj9c7KyAQxKDaODBXCn0monB31PmndUhM1c1L6lleK7rf+b10uZODQcwpY/NOEsB2DFjDoGwPTgbUz4dWn75pX/7eHHTYspnPcU7XIrq5n/v5K0f02Uhd4IwOPHt6XHXW4iHnXiJQw8bGxeOyZFyaMfd3+wN6bzHaHQOQoEiwRnbptRtGEH2o96j5Djm0Xiza7XIx8+nn1oscXrZkspEEnDGujfLfQEPoaSJzsEXcwHzHj2alPPPDFgQcOy3Fa8GAwH23bxLDjvCPaNAu5qoohz5RWJY8Mue4oh+2i42sxHDWE2cz+BEtVKSwsjJa7LQ8Vg8OEqAUBFaRoNlfhOQlxc4EeqRz1wpIvkjNsgu/woef3SCF5LIj/89qXqaJ+26TikUjscDtHxJQtRpYppilVnrypkYhGVfgE13HyQix3vvDoPWu0WG38ruKX3blF9yD2U+0G1s8NZ2kdqvsWpRyp0InqWUXpTPTAE89s5YJbGFapRJVeOrPo3rreU5ZSYVq2bO2wcf1kYond7NWKwHK9bHQqypxDYVP2yqP3W/5R4MIdWHhpbhLLQlXfuyV28gaeeGJccbM24aTSJUs+XuLkdw37cSeK+Z+vWJsDZZV7cOHZLdwwN08iUfbdygWrumR1zln2fTJ41lpTQIcMHdHMS4hrk3X1/27w4MFhZLXJWRXKSnLK8WLJ8pyqcHZZfQpIv36nRGLt4ralKpZ+5S1a6/ncf8gZ+VTF1W+8sXrc9d/RefDZ4U5ZydbxUDgrkZLEyurU0voMAZvsy9+tRbuww05OMrywGJUhBa2Sy8MpbqXPDDnO6eGwGpMy8m/fIyZVvGjGY6tJpDZSltNm11baNbnaM4lSvXLprKKiRPDc7vnNy1cuKKvN8ttEJbKQg4pVyak1OZuATNnFaUMUzlG+s/K15XNWIOCcFaq+h7g54RZ5/OYWAoeV4xYHyC/Dc+bXv5cEbGIzuk3zkWHXOS0ccq+3Yd4/Andqc8snA5DNLdH/kefZ1d5keyexq45xHeeulx650x7Us8mzTP5Hhl83jAxA/tdmdPONh/ofd0ariBPLh44tfHXyzXUUl833iq3/SRmAbP1zlPnCLSiBrRIgNgtcVFRkN9O/nUkfPZoxerQV/W9ZEvv7TG1hocJmkNfo0aM5kMiajOrfZwxb6Vu2OoAcecYlHXTS3x3Gm//iE+O+aARIaruI1/aAtyBbAwRBZKhDfD/WqPiyhD/8duo4W0v+h7wOP+W8ZjDorcP00yKq/NqW09ZGvkxI0/JPzcL1RNasjNaQiV2UkLd971SiOp4yZtbUJ8bVMYP/kILZTB+91QHkiFPOP6ja884zWk9JLvliwnpCrBsbOvf/6xl9iJ2dDEQ5woZZyjTJt55e9eXMoqIgPNzjiJNa5EViYyC8sKx4+R2zphdt8mDLzSTvzf6Yw04ZtZOfkrGOo6b5Wh6ZuvDTqkHtdt+PSQ9hpT72JPTsjMduravtP/CYs3aG8fciRV97S776uFa+tnjN5KixVYnqtomKxMUzX3oooI5sycuGkMuzu4awCN7vXShVO+6tECAXHplIVV8jvpmcXNZ6rOUQNXSSbOKxg9vyGhj8BcTfQUxpzUlHxIZeQmnJszb+bkOYedu1GkiQsspFVbPqV8g19F1by++GnDRi96RHjzDx84mQMw6VqUhIyRlE0hJQD07fMf+LWpfJymcbp825BvpEEKYnPDXm7aJ0Ge+JJ14UrwrhkfLKqg5GcOobT99rrfeWvHhA4Vm7s8t/isRDc1588Lb3tsTHbC0AUQWHDQu3w2JQi+0PSaX8q9YGSNCmBwjNXx7358+cZF2idfYntka7a952YwTYXznOdVrLHBh/Bw06yZ7D4bK6/tXJd09PC7pfzdkTqxshBMmtXfJD2Xm+eXn8eFsSWs8NGc0Fh82NZEciXJ6Xl1y7M4h1UUojkcjKkhKZG4kk6xd+AQUOMNfvVljo2jHM/D4vibqEYqFCwfeMuXPtQlAzJvtnebz6N+uoBhccNiw4S2SbFk7XRBIPW4CUQ9+tV6YoO0t18TVWvDVl/Hf17xx47FnbEOEuEQwA8B8Dc/4bT91vT8mVjQCEexcWhsOAWv45Uuu0Fxo9mnvPmxcuQ76KfD87uU6nloICt9/2PcOrSsvlkxmPWZnWdjKxRyNYuZh+/fqRl5MTdcuaezNr5tbO5Xa5HY5mds/NCkcefe7hD+8F1mxa8XsAZosDpN/h5zULR6v7Q3gPUpQIOU6LlOcfKr55uNaCDD5++C6A298YY09kWmlEv+UtSX629spfBxChfUNhvuDFSePetjXPLXbs1RswNzIwrzqUOHf5/EqndfPsvxqiklXlqdebpxYkVf6OXUOuOsAY6pA+Rs3MWV6p37BZ50GFpzcnFfkTkdnNgOJsm0tovPna0/dYN8QEzQiAA8VgT2E2MPLfFPkzZz5ZXNxvSHg7FYr1D0VD32gtO0LMdjA031H06o/essXtpPl+UNKZfPxrxnPjv7T5B52rDzfG5LiSnDK16OE1GjXsPvDEeNsW2fsJTF8m9h2mMl/L34h4srUgMyfdYc86XO910PEj+xsttzFRREQ0iblugVn5vK1HXw9AvhxUeHoeO04fA94LoDhYfvJ8Pe2tp9PAKzhsWCw/m/cTcA8TnP2B+azpjelF99o6ezngyNM7uqHwQCJsLwwtGp8iaf5pGQX9jjyjg+u6B7FIsXEpykb2ZFLLiei1qoUV34TaxPYWmGEM7s+K5hjBI1zM06b+zvvFLQuQwkI1yG11qGgz2h5kycQLiLGDMdIeWu6yAHHyF8Vd17kZBnsaxo8i6EQi8w3TzfU7htgJWx9A7J8fWnh+e99N3W7EtHd8OqrELzcxN/6EGPPTqkrvsvxQNIIYLrMHcyqWT7Wh5gy0d12+dEW1OyvXTf1FBPYY5+UKtNQXsyuI31Me3fRNxbdlXVvsMFRrSxvHElBwSlSOIjVu1ariqZGsaM+Q44x1lPODaCk2YtpCZAchuv2nquSjnbKjJ0HLaQzcvyzHn9RyBVoi7Njy1+Wuay545dE67lag9AOOPrMPM90EkiwCviTi9iKyC5G6a2MAsS2Empc457DCMMX8hjG6t4BeSyaqbp05ZVLJ2gBZbJZ/tw3nHyos5xO4ksgUa5FuZPCWFGddOWPGrVWDjz9rgAgutIfsiJYSInRi4I1UiP9RUuwl8uPqAiEqJOZ5JKaFFrS15dLf/Yef6dqb9/SNf6eyHWyAr0X7MSIuUOy8lPL4zrBK7eYBowAqYNDXhvUT4XLzyMsbbqTxmxiULQqQwccfn2NM7q0i0puFrmGD9yTEJ1llIyMTvit37tipOR3sGe96Bj3sCz/psDnSCEaC6e4VX3rj62/eNgSQwadenk9exa2+5+/ue6nDK32qzo6pIntiLKf4Iu3IDo5SY4nMRykfN4YcakGkrnUcfitlqp9l7V5uIPuC6Ho/gXcicR5uINaa3MzJlCeOekCARYb0VaK5hWLY0t/Fnvh/J6O7MIfuZIeKQqb4jpTJ7iikxpGddPCVbPQuYNxIxO9Xw7suIqFdDZuJBHlAVlTcXb9Li+VVbddMn0swpzLTDZKKvEah1GHQ5mpiNWljAOl/xMgWKiJ3EKQTCd8mZI4nIYKWK6YV3ffV2gDxzfIFsVCrkwm8NwiTPF/PZ+AaA9MHgsIUmyVRcsYae3wccIMCfa9hRohQb/hygU56P4eyw1cyUYmpqh4vIaezgO1cf5Cq0ldn5cW6+Nq7D8CPIHOJV1m5wolkjRP7PF8uWFJa8WXr3Hghu+rsWMh94us5C+/eEt0jtyhA+h1/RoewhCYRoZh8/7KpT4///i8nnXdU0veuFt88oUXf77qha42YwWJwp6+9j4nVPopwDpieX1mhR9cn3m0IIIWnXp6f8CtuTaW8PVLJ6sMTxknUB4jHKj8UMrcAFGOo2x0kZ0WcnGwoSpTqJeVK54zSok8hohfJw8MhpcrdmBupSvorFKh/ynj3QPhl4yefJKIcdtxh9rBMgVyqvVS+IneMNvrGN5998CnbzC1q5CHFjjjgy6rhaSV8s7U6YvRFynH+Yow+lUTOmKZXvl2/++DgU8/Ol6S+SQRdKGxOnjbp/vmHDz1rz4SRSczquY0BZPDxZ++ijZ5oa9MF7u0M/1gxcrAiunHqk/e+vB4X66tBhec3i8Z8e2Y6jPjx6mo6HaSHpDx9XCwaqdTanwSiD314V9ma81j7XXfW2t9TEsmZuaGKRUnVurVmN+IzWMFsp7V3tTHmh6pEyWV5zdps62v/biKarSl8sY20HXzC2WOM7x8IyAVU6s6SZvpIIb4wKxZ6+LkJt9lz5n/3a4sCxFb5+aQeVcSfJJL+dW8V3b/oiFMuPKI2ilUmqQfjFLqdSA4lwrdi6dT2IEihZgQ8teJbfevcuat7V20IIANPvKiVY5K3etrbVbQ5vDxpkvUBstJfWJEf2+YgME4DSQswzTOgp79f+f2/baOAAUcN78whGm5XRwLKhNRrkMopC3XF0g5O6+NF9O0kWAqYhYaYIdRcMX3L4t+Y1H5Lh91bPO39/a1nHyqyPb7YcR9yHHYcN3ppVXnJEuU658CYw1nxTRA6WYvksIROnvbUmk0aavz2fwgkK6zoJNvhZO0o1ob2IAcfN+ooTfpmAr1MGtNEobcx8lcmTJ725H23nHjiRdE1olhLP//mwDY77eaSc6wh05UApbXZAZDcVMordEMsBOchQKY5ZaFrp04N8ibcrVuhM29ekd958GB3++bbD1CCIzWkpS11hsiuROatSpRemhdKA4SJ3/cpdIkFyGEnnX+T76UO0r6+UFW47zZ5gAwqPKszHHpUKfpcpHr01CcmLKwPkMpKjI9l0z8I6CXA7QC+EGOImAU6tdj2v6ofadoQQAadcFZnaNwBiAM/NbQkSW59gKSKv1yl8jrmRuO5HTztdxdCfxZ0INAYlKgZy5ykynV1vhsJ2dNw+0GkjzB9AsV3sEEfY8xYBj1NvnlOK/LsNzK5FTBVC3ygx/oAohS7Tix06aK55d+13FnZ3l1XKVbzPN8cwIyXqz1cWZ/Wb5fOAwrPbO8oGkNArp/kk9984Z6VDQGIDVTk79jzRiNyPBP9yEIlBsgyIp2IZJZUy6jWWVmV9QFCxKXM+ioY7CzMz/he8isCH8OMQZ5njg1FXA8Gk0D4ZxXhmncm31ds5d88kp+lliSqsrdruwvEH8siC2xPr5SfCitSFxDRtxVUclkGIA0whv0OPqVNpFn8ISEwDC6a/uQ9Xxxy4jlH+765Elo/vrik4u62+dkj4cvJzHTZ1CeXv2a77tkN59x27fTalIj1AWTgwIviaFlxOBm+AEzPTZ+cf3PPIT/n1weIE3Y6ajIHiNC/Uksq/xttE9lZE01UimfB47FamYEspqrSd14T1/ezBJcb0EGOwiU65SSFvQeJ8CJz2bVTnwh6UymgEN26fa7a7NLrgI0B5OXxY78cMHR4FyXODYD00jBxh/icqZOXP1XbWbJWlDaaBhW5jiAFLtEZLz95z7zDTjmru5fEBCJ+dkMu1oAho9qpuH7MniVPDh52yC32tYmJ0fb89K6K3fOaU+i/9QGS9FNu1HVvt42mAVxbWlpampOTfTUIf/VS/rGheGQpafMQBMs1yeV+KLHIrXYHkvCfYfhxJ6R21FrbvdU1C/xlT7ZF3o6s1D0C82NVQy1InjlCIBdFw+6kKQ/feXcDVGqz/2SLuli2Yi6V5VwB0FEi8hQzPiVggDa2G6KM/3neits77dF2N1/82wjygwE9JyLkKLUtMWa99tjdH65jQZpvN8YYGQTix31ff60UOkG4nxBWwZibZzx9/2c9h5zRuj5AVMzpYrRcBpgFQvwCkbQVIxc78EgDOwAAB2RJREFUzE/7Rh4hMaOEsJcQniPgGxI6BUAnl52LvOrkAoTdvwvMDkr4Ua39BaxUR2FaAa/6bWtBFLu3+Gu6WBOU4pC1IBYggwefnSPN/JFGcCERL3WMOubVp+/6bO3ZtpnlWNudT9GQ84XVq8rw28Kyr4gMZdCE9QOkUA06IX+AaNxOwMPJxcvvnTmzqKpbYaHT3m11OsQMJ+EHc7T3uOTmTCirsInC1GnKiCccvhUk2UR4nIgYguNFzE4EZ6hZVTpHtcg+zxANJMErRugnYhkiRqIQc7XD3EFD7iTIG1poukO8pxE5USBzjdaXRKKx9r7v3c2s1utircwzbzevcAew4Bommiei7pjmL5r3e3eE36IAsQVbg489c08BjwTJdiAqAdRiEZ3PpF6d6i15ohBAmWoxVIiPYFAUEA9EPxiDyTOeumdOfYAEfV532fccaHOwgSQJSEHgkcH3RpnnkovafGgz870Hnd48p7l7iwgvrCovuTMei5Ko0F+JaDCBFFhYNBax1ncsy5NvWlUq2zziVALase2uLfBs+W5lVaLo3ZcmVg44dtTeDH0aATuIfSdQRiwvq1KaXpmFHSNM52gv+dDrzz70pu3UEnXpKlaOEw45455/aOyPtr3RILf5oRA1hphmVadk1Nru1WorYt1SGQFQDxvcYKZvRLgjM09TbvkzL01csxm2tao7tdhhqGfMEAB3TZ987z9rn3XgMSN62Xap9P/tnU1oXFUYhr9zzr137mSSmFhL00qSoQ2tIIIUF/5sirRFK2pcDA2C0KYSJO3G+gPu6rZUhCqiEUSqaCAgYhCx1YULtyIWycKhrVPTMrE2JplMZu6dOUfOQKrQJk1J9fvAt9tO533nefukzdw7J0RT2VC9bzLZVyqL1U21qn2dwj+uhMFdQ5poP5FqaEVFZXSFrLs/yGSOf/FB53dPPFvOW2WGm87u9O+IKbL+Y8Pjs+nM6e7cxjts4l5yTj1Iima00lNK0RYi+tM2gpPaqA6i9FUd6LMVNX/SHwv0zPDRw7V68nCjmb55Zvy9H/YWnu/XQfyiU86/MTNZTVonK177NOlt/+fiBk/ILQj5vxyPmQ29FPjrG5QGJnPR1tNcovTcmfG3W2chPVQoZHPRpoHIv+ffTJfSRvP8bDddvsHPuVD7Dh3uo0RtJHLGWmdTMotk5srfnjrl77dqXan2X4mzd+/Yrp2ufXlpquQ/4vnIU8Mdbe3xtlAHPU7ZJK0lxW8mxvxhDY6OHdOP/vR7bxxTvybTnmo3HbXVf5kcu/YGgdpdGOnNxtGAsyqwibvciONzpz86Ud1dGOmMoqhv3jV/8/9P91fcl8I7t9ogp6qlqyV/sdPfJbA52DBoSL+mjTnx1cdv+esgK/3Se4aO9JiAtvsHqGqtGGTi9lqW5rsWyuWJ63/mhh488EKftZlOChbO/1Ogvc+9nDO23m9VkFyZWvw1/0Ccb1RcODe9cM732jV4oCuKcztMGOZsLSmZHFWcNZuDOLo4OfZG67TJfYXRHhvQgP/i5XRjupRcLS4fhL1n6MiWIKR7mnXXcHqpGOlMrJ2JqCMpLcwGOhcH+dAklc8/fNd/L+mePjjamya6ay5TvfB9S/SCeXx/d17pcGvT6pl6+ezPt3hv3rod4hfk75ew3GW1W9zX8pj1Qlkt42b5N/v967o9OTLS1lzK3mcb6UFyNNCm1aHPPlnTAc23nLUOMMt3Rq/2FCs95nb0XEv+Ol7eyn9UkiD/yguU/qT+uE2l9dGmdfcqoomvP33nuPTO/6d+EIR57V2F0Z44VDudc7beoB//69PLmV+++HgIIn4iFOQkAEE46SNbPAEIIn4iFOQkAEE46SNbPAEIIn4iFOQkAEE46SNbPAEIIn4iFOQkAEE46SNbPAEIIn4iFOQkAEE46SNbPAEIIn4iFOQkAEE46SNbPAEIIn4iFOQkAEE46SNbPAEIIn4iFOQkAEE46SNbPAEIIn4iFOQkAEE46SNbPAEIIn4iFOQkAEE46SNbPAEIIn4iFOQkAEE46SNbPAEIIn4iFOQkAEE46SNbPAEIIn4iFOQkAEE46SNbPAEIIn4iFOQkAEE46SNbPAEIIn4iFOQkAEE46SNbPAEIIn4iFOQkAEE46SNbPAEIIn4iFOQkAEE46SNbPAEIIn4iFOQkAEE46SNbPAEIIn4iFOQkAEE46SNbPAEIIn4iFOQkAEE46SNbPAEIIn4iFOQkAEE46SNbPAEIIn4iFOQkAEE46SNbPAEIIn4iFOQkAEE46SNbPAEIIn4iFOQkAEE46SNbPAEIIn4iFOQkAEE46SNbPAEIIn4iFOQkAEE46SNbPAEIIn4iFOQkAEE46SNbPAEIIn4iFOQkAEE46SNbPAEIIn4iFOQkAEE46SNbPAEIIn4iFOQkAEE46SNbPAEIIn4iFOQkAEE46SNbPAEIIn4iFOQkAEE46SNbPAEIIn4iFOQkAEE46SNbPAEIIn4iFOQkAEE46SNbPAEIIn4iFOQkAEE46SNbPIG/AHbth8fI8u4hAAAAAElFTkSuQmCC', NULL, NULL);
INSERT INTO `project` (`id`, `name`, `created`, `path`, `lastChange`, `last_change`, `changed_by`, `created_by`, `thumbnail_base64_encoding`, `comments`, `images_ordering`) VALUES
(12, 'P3', '2018-10-28 15:38:23', 'p3', NULL, '2018-10-28 16:38:23', NULL, NULL, 'data:image/png;base64,iVBORw0KGgoAAAANSUhEUgAAAMgAAADICAYAAACtWK6eAAAgAElEQVR4XlS9acxuWXYe9Jzxnedvnu481Dx2tV3VnXZ7SNuyAzgWkGCwTZygCEPAJmIQEAskHEE6UoQC/DBScHASkzhEEBMhxRglcds9VFV3jbdu3fmbh3cez3nPhJ619rm3qFL17Xvv933vOXuvvYZnPevZFgD87l//uSxJl8iiGGkSYTQcYtC9wPHpEPNpgiQGHKeE1ZaHRstFyQV810GUZpjPI4xGKTLHxc5mE7tXmyiWHVjg3y8RLSPEUQzPdYDMQpbayJDJn82mCyQ24Lg+XMdHktqIIiBDiixJEEX83hBpGsHzHTi+DTux4duO/D7zHNiuBc8Bin4JrlsAbAuO4wBpimA6w3IZwnJtOF4RluPDcWzAThEtFghnAcJFhCSxANhI0xgWEj6m/N51i/AKDqKEz5HBQgTbtuD6HmDZSJNUfq7n+XCLVfh+BXESYRlFsAFkaQS3UIBleSgWSrA8T57FsmzYsGA5BWRZIp+F1IJlAUkWIcsypHGMaDlHMJtjPpmif3aB8WgIrp5lZXCdFK5jwy6WUa5VYaUxkCQoVouolquw3BAWCrBdD77nIUliWU8LGcoVX74+S1L5+ywN5N2TzEcqax4gyVxEsYVFECAMQyyXmayTY3uwbSBJMywT/owEURghCLnXieyx59iQZXYtWDb3nTvON7aRpXzfRH5NrZSPjDSx4HkuCp4Nx+XuW0//rOQDxaqLYqWEUqUO37fh8DP8IuwsQRDM5B28YgmWzc+IAf4Ei+vMty3I5yVRAAcZjQvh4gxJsMQyAJZBzKVHbwRMJjFuvvYm2ptr8tw/8Qv/A7cE+Bt/8Y1sEQUI51OkcYJBf45ZAGRJjCJtIQVqjQJuPbeBxmoZrm3LhyVZhngZYRk6sPwCCgUHrufB9fhQ/IoIPHhpHIAmAduBZbmwLP6a0oK4dvJi3MDFZIZwuYTjurKcsD2+jxiE41pwaGDwYFs0kwRJlsiL0Ogtbpxlw9FX0g3g6otBpbAcF45bgOPwhbgBsWycxc/hZ9gWbMeWdw6CELAcuK4Hx3HFfrnBXHiHzy3fkPK3/D/y53EMRDSsJJX3sfmOiBHHNHi+Og+AjyRxxUHwa7LUQbyMESULWR/HczCbjpHBwXw6FYNLlqEYnO2VZH0rVR/Fcgk2D4jnwuZ7+0U4XJMols+xHR+wYmRw9fDRIDMLacZV1QNmZSnsNJX1pUnK18BFmi6BLJKfIe8OIE5SRFGMZbhEEgdIggDLIEWS0Q+l8p/84wCu76JYLMOx+WzcYwtpys/mF8ewLR4aC0lC+1FHyGfyS0XZRz6tza13PNh0qmmkf+D4cN2yOCjZU5sOLUIchrC53q4vtkXHKEfMcmG7/LoCHCtDZvFQplhOB8jmF7InfIYsChEnsdhRGPpIbQeVzVtwym184xf/plrTv/d2PUtSSzwSshiJ5WGZJbi8UcTqel0WvVItoNgowvIcOHIqLTECGkrm8DDooZF/LRo2Tysfaoks5jaI0wXgiienMds2v0YNNEkjhIsJkiiFQ69m/sr2aPiebGomj+vC4TLS+/CAWI4ciszOkGYRkmUKGwU4Lr8Gsnj8XAYV23FhO0XY8JCKM+FC0mD06/gNaRxhuYwAyxWjowNUz2Txj9QzyTMnsM0zcdO5+bJhtK9Yji9g8YACDg8fH8fSgyafmarBZTxZlgXb88UQwiCWjVzMJnKg/UIBPg2uUDQHmpvOQ6ZRT55dnE6ma0ZvTbukP+LD8+voIOi95e/5XHpAEOvBEKvk2oDrTkPOYLmurBm/lrsnB4GGlNmyRoxuXENdNzo6HjA6AQ8ujVt+HveHS1mQNdQHiJEkEZJYn1fsiI6THybrmspa8ajo52YSreKU68195A/Un8VDR0dIGwumExRKdXh+GZlxYi6/Qc4T9zVElkSIpj1kyyEs30fG0JHweDISMrpWkNohULoMt7WLb/ySOSB//s1qttVxsbFRh+Wk8Bk2HBetTgUZH8ZlKlEGbB8ZPY/sdkG8l2OrF1Lr55+rR+C/Cdc/jcRLaCTg89JS6V2cp4tKb83VjsIFkpge2IHDz+Bi2JkcRBqBpF6yDdw5sVz92CxFEoU4PzrG2eEQ7fV17FzdkohDj6MHwIItm+6KsfCBUhqwxZ+vByBPbeKIf66HgQdNNpBfw02UyMBn4H/qlfJ/UhqJbD4X3JZUQSIeUzw7lQ2mI5DoJZ5cIxxSXTtZLqY6saagmefBLxThuq5YvD63PJhGYPkZaqASNY1xy+Hhu/Kd8yDH76dRcQ35PWkCiwfBjmVPLe6nX9SfwRWmV6bNSlpkIjKfPWVWwJQlRSbfrx5dnsEy3wsPFiP4ciJr7pbrEg2Y8oDOiWkVnZscKHlrZJlGu9xhZTzhdHxy8OQbdK/orGQP1LHyWZnKPvtHsxJ+v0QrRlYe7nghz76c9ZEGQ9lHHhBGVluSiiLzA/n81C7CaV7BN37pf9QI8qtf72Q39zxUGi7cggffL8AqVsSQucT04hbTGMtXvyVHuaCPaPHh+CAFWXgxRpOORDFzUr6guFUAvkm9EkRBhGA6QhxnKNWaKFVKiJasN8Qt6QGxGRnUwTGK8Pf8TC70s0VSzzYfT7GYz8SDFCtVFEpFSZl0Dfn1lqRu/E82Jk8t1N6kBkgz/VkxvbqkfpamMY5urgW+P/+CBiUWqbah5omURkFvxdDNiEJnwk2nN7XUAyJZSjopB5CRQLy88YgmLWSaxp/FSOwWS2CmIR+r5i7r8zR1FKNiuicZtj6JboysfRKHsC0fHusmWrrk6DwIGt00iqthWw4jtUZM/fl8W5MN8Pdco5R1Q4h4uZCfod+jdYZ6QToUGzZrqXggduP4TVhOUX6WeH46TZPcqbPTZ9VjroYte2fOgNQtfH/jtDQt1z196qCeOg1dKx56OlFGe34ewKzAQrpcIGaKFcXq8G0HtscI7CFhdsN95P74a/jxP/ebekC++a9uZqurHuyCDbdUgOeXAJdhsii5v+X68qHzaYRRd4yN3S0UKppmmfghXj2jlxSfw3DuiKfJmPZkMWzxfA4yq4A0niMO51qsL0LMhjMUa1UU6zXdZBNimYeqd4zhOgXNkyStYnrnq4GlKcJgitloKKlZudbUWkUOk248DTWYTVEoFFGq1Z+lU/T+4gUZiTRk0zgTHmyGdMeWApdeULwbT6ukkKa2kQXND2EqXpHmJy5Swmde3zAYmsgaB0iTpTm3Piy3JOsiyQ49M1OPOEWchpI6uqWKlrcOI6geRE3xNDLSNpGJq0eaLcVJcV0Jjlw8PsDo4lwK1c72NravbEpaSC8u75AyveG7cReJjvAZaVRMF82+s5KKQ3heRdLOJFsimPTROzwUUGVtdxdege+gKbV6UKbBtIO5Rl63CpvGyE/KGF3NUdZALlssUUp8mTkgeXokP9e8OVMieW86UX4kP0UjkLyDRHM9evwfJv3i9JBIuiwHivuSzPRXOmBGI7MGy2WeBoZIrQJ+/M//bT0gf+svXs64T1JcF134flk8g+3yVw2z8+EYccpcEWg0a7IoTEXSOIXtM2xquuJZMZbBArZXhuuV5AVYK2jRHAB2UVMzRhTHw3wxxbQ/kc1qrLUlnBJJY25YKFclTRCPbfNlLaRRICmP7RSQmM/k54WzBQrVBrwCD1UiX8NCMY8g9AoCIDA6wsYyXKB/doTJYIhacwWdjQ0pMPkzGQEEGHBcSW/EowqwYAzebIaEbxNIGCUkn49ZeEbqOEzqxudnwSobFAdSSIqXM0gWYzzTMRoYI2oSZciSQOoAPrN4ZHEWJjJI/WfyawE7XJNWLCVFYoTqnp0hCkJs7u5hMZtjcDHG3vUrcD09QPoA9PY+4niJ+XQIt1BCqeQjS0JxCKyBgmCOxWSI5sqmpC2z2QjBpIc0ShFHQLXNNS+KE6FLYrqqtR9XWWtEonWarxE40PWV1ChLMez20Ds+Q7lWRmtjHX6xou9LB6dwmThZjWp0sOa9+Wncp6dx0xwSLqMupcleTG6vuKHUigQhmM1IKaPhRpwWax2WCJIKRw5+9JfNAfmtX72RMVL4vous6MNxGdZZTFfkJZI4wqQ7QGOTRkR0A5jNZxidn4tN0GtPhgM5KLVqCcPTPtxSGYVyUSBIPkkULTDuj+F5Htrb23AsR4rU88N9hPM5Gq02Sg0CAow/jDw0Eku8KtEdok9RlMk6V6o1hIsQvfOeQLYM57PxDK3tbcmzp4OhrEOxXES1XpP81ysWBZ4NZjNYzPnTFF7BRRJGAmOW6g1JywQSZHqQEDkjckKYlmmSGqUicCbt5mab4lSBBNugNZHxZtw0VvasP+jSuEGMLoRkTZphE352WZoq6heniJZMZyJCQnpABEgwdVCeYsnhE3+qDlagVEbBWJCvw/t3sXn1OTkH3aMHsJwyNi/tar0lhqH5OVFLHj6+M72y5/qIlyGCxQK2W0C5UtHUECnC2VyQTrdYkLSbMHcQLuRzK6W6PKMYNvfQwLvyjKw3xa7VwzNNY/4/n4ww6fcw7fdRaTXR2tgQx8uopnWfplFq0Br5NDfOHYwmZZK9mBqI/5/OiXYgaaTkY7mj5FeHkv4iU0eZMnIybWTNJz8slQi6nMf4k7/yD0wE+dVrWcHz4bHB4fHlS3Bsk8JkGZbhDOOzEdauXJUcPknm0idhKsBaIYwcxIspvEIB1U4d6TJCsVTEMpxL+AqCQIrd5QKodVZQqhKRSRFMZpgOR5IH01PNFwn8Uhmlgob9NIzgepZEBdtnjcID4qLabkmUEugyjjE8v8AyCFBq1dT4mDlJX8ESz8Rfi7WGRIXZoI9lGEl0qHdWZdN5uM/PJ6i1Gti9tgWm6+fHRyiWa2iubCAOAomAfrEomZNfKsn7WEmK+WwinqdQZlQtKOImB0xzfE0OCEezltHCVDYoprdPJAdmbcO6IoUrfZQoWhKbEMNVUIEwcAEZfwatWyw2R7AIduSwSCxFONPGcDqGVyhj3O1icH6EUq2F9uYKukcnAmLwlDMNm1z04BUrWCxCFCs1eU87iTEcjtDaWIHvOWhv7QkEu5gOMR/2BVFi5lBtrsL2+D6JpH08zI7HvcuNO68VmB5qFqH1BOu0BP3jA4nYXonIE1O5GLVGC5Vq85kjIkoq9ZDWYILG8V+peXIYn8CPFvGMihIV+DlE4PiLwo8G8ibszpqY9TBLAUmKBZmjTTLNXozO8OEffoj/5B8c6QH5X37tRsbC3C1W4Pi+1oBWEZZNT54ijGNc7I8k5JerBSTxFItRhELVR8ECQqsIv+QiHk1RWmnIiS3Xaph2u4Ixx8spytWKNJ8a61vwbRdxOMV80odXqEoKx0PIjU6WPBSsLbiYsdQVhJljFr4EmAtM24jyLFGuNzDpDzDpD2H7PpbBXNaoXC3DLRRRrNQ1L88SlKt1LIYzhIuFeA2vVEG52lBPnmY4enQqdcvWtR24roXh2ZlGq1oNBLa5cGwA0nkx0haqFUyGIyRRgll/gvliBr9cxva1G6g3a1pk0m2mBkqmoUuhzyNDA2OjKZIcWTyg5SMFoccEkRweIjY8VITfFSDgj6PjMm7U/DxNIcQABfZUg+L/spAeHR/IwarV1hCnU7EbOhfHY2oVIVpEqLYacnCnkzFsK0UwnqGzcwmWEyGcjLB29XmpK6MwQP/0WKK+V6xh49IlqQ9ZBC8mYxRKFRRLFUnpaLqyV0SRpTfD1JH9sCWiRaxImkUwIoNTKMErVCQlLtD5+EWthSRNpWfPe2iW7K+UUVK4mF/FXjWyS3r7FDzJET9txlqsGXNkjBsp32CQsnQpUSdOEpw9fIj5aIxf+hsf6AH57f/4hcxj/eG7iFMbvss0i40W0+ewfUSLFKPREHQQ1XpFns0v+kjDGGGcwWVhv4zhlT2WD/Igs/5Acke/5MMhTGtZ4n2tOMFkcI7hYIT2xhbcAjedpzhBOJtKV5UoDj0SPa90xqUnQYNhRFtgPl3C9cuI53MkaYxSs4aUzawghOMXUK7WxJsxdIbTuTz3dLrAMkpRrhal8KRXrJQrSDMHw25XDlat3cLFwaHUNJ2tNYSLqXj3QrEI36vJs4XzkWzC4LQvtlppNMV4COfW19dRrbekF2BhKV+nXV1Tw5geSpYuDDxJ78vt9pEwkhgULbPZyde0TfsZpoOmvXTBfoiuKWyg/+QHhGnfMlkiGPYlJVrMQjRXVjHtnaPQaGAyGGA5NxEj4554KFeq6J+doVByEEcpNq/dwLzfFUSzsbGpMHSWYjrqYXB+jmK5ikLRE0CD6CMNs9JoS+N4Np7A8wnGRJhNZlLHOb4jmUC0mElkpFePwhCFcgl+qaAOjTWn40uf7OkBkaNGO2ZBrWYuaaIcrvhpx1ySLSn2l6auMPWipJT8Xq27LMLJgqTx55qCX7I2sijYFF3g7OET1For+Kn/4B/pAfm7/9lLWZKmOHoyxtlZiI2dCq7e3oPnEZ0wsB+jmJx6g707BSmg6X35oFLw8dQ7+iJs2nGzuRCpNNpYpBFBULREcuWM3rhimj6m25ojHPxaVwtT5uDa8FPESHN94vnsO/DFbTF2hm3Wv9KFFbych26JRe8Crl+EV2+Z/NgSz8/X8cQI2dmlR9E+xPDsXECGSruBNJiJAbP+WEaJ1FVxMJOcPZxMJMUtNttCwSD9hXk7f5BPL2hgSubginYpRKyIC8M827mMFnknoQRLOtNMlVh3OdKPEmOxliaXVq8oJedT2FsPTd4IZNpAB8DcvlitwSfGbyeIFku4ZR/RbIFh90Kcjl+qolKvwfVtJFEkNSY/zy97iIM5bKckUDN/Po3q6PEBPv/oDhqNMra22nC9IoJFKIeVP2c+GklKHU4n4nAcl6l2IIejUm+ge3oB22dUBMLpDHVJuavwKxXJFggDkrbDLCKHRPKIqSgy2RK0Q/ZvmB4xTTIGL70iPVBquHxq/pkn76+tBrUhQbHylgFrJNPPisIRxufnqHTW8GO//Hd0C3/nv3w5G48DXDyeobzKl1zg2otX4RfY/8jg2DwUpFz4sDyeOubCz2BHLagVNWAuKtCj+UeQOemWKsWC6IxNuNRh2gKEc0aDCUqVKvxySVvAgizQYHMYL9Z0QxpEymXStCLvTbE4JTrCRdMOssKFBjlZBlIIs/GovY2i0lgUV9QmlEEz9P+xqGbE0pSIoZ+RTLrVpjSWbaCnXiwwGU7QaHdkvdglDmYTqUmEAmO+XlZBagdCvCwMtekoGD0bqTzwZCgQFJGuritwtWn8mBxa66qcZ6Q9oTyCaKNTS2FtYArlxawXD3nM7v1ihmm/B6dQkNR0bXcHxRobxIxGedPRtP2loam9DcKheTHLGo40GsclOsf6iSlxhMWwh0m3KwdqOlnImpWqbDZnApYw/XJsRw4va4+YtCLPE3BE+2ysp7RmUDhaI0cq75wbuzH+lJ+dNyq5FRpX2RVnXao4r4IqSoHIi3uuM4ESTd8U8tajSPBgPjyT9WUt/PV/+7f1b/7+r7+U9bsLxEsb9bUi5sMInc1NQYjYAmB3fTEidFtApb0C16aXzDdG80g5gAI55t1RRVikm2zQH/melJ1r7fpwkc4OT3Fx3MXO9R002i2Daevi6Oln30FRHIlgAoBrx1OQGPN5gq+z6FUo4qkhCW/LYt49ldSoUKqiWGsric58huTt/M9siny/2AjNlAdOD4j+IcO00OEkio37fTz4/qe49uqLaHSaSpQz782QL/1xTY71+4WfxDVQDIrrIUU7eyB8XwEY1PLFo8omag6u/yieL1AovWfejc8BT8mpzamRYMPoSyNhfZdg0u9jNh6jVClL72jz1k31yFIjKRKmTki7k7L+ArUql8o0OpRilC316+iB+TXLMZg62n5D+gjS9BMDyvsbNrKYUV4733nBnTMBZD2E2aCQsdoYD4ESJ0xqYmxAv0Jt4ulXaosgVVIm01SF2vVX2QOF/HSNpGulEVkai2mCi/37qK9tyfo+PSC/81dezAYXgSAqpbIvyFShqg01wr9ECAanAwn57a0dYd4KrCYEQW2wMW/NOTCKqZiTLgamBZdEGrPE0kPIMnRPLjC8GGH7+haKRXZbufAmPOZoDQ+B6ZwaOpt6SSVCKO7Nnx0bzymGbLy36apOB12Mzi9QqDVQabeVKkJioRi6voMwBGioAvsxsJA1a8F1SVwk5MrIY/qV0sXNpLB9+MkT3HrjJdTbDfHarEdIFSkSfWPkkk0JlfZgIhujE9NQGhgdBUEYIlCEoOnJtH/Ag6nNO9jkMxn0xqypEkD1OZ929qUWMQ0v04+QiGv6LrPJGKf7j1HwHbQ3dlBp1AwUqhwnctqUAvKswy8EQEY4k6erwX3BwMQ++Y6mU0+PLTZijFeez+SbRMAESFA+g/xcroMUGOrMJHrnqZC2k/QISJNYnYREBzZIcyjYRBuwBuG+ytfl7Xc2sR2wcaPQr5YBAo2zUWycHVnM/aMjtDc3JXv40TzF+u//ncvZxUVI7ikKRBx8UrNZWGfCJM1sC8P+VLg7nbVVVEvceDJbGdIU5mMOnoKpkKY20r8UKgJDt4eY6FGSCJVFcmihRDtYzBaYDmcoNUgX144w4d7pYoFiIUORObF0ivMDIRahKZUcJtJDtPYQQl0Um/rClqaY8MayFHG4xHIRS75bbdYkMtKLa/+B6JAxZEm3gMlojiCM0FxpoCT0cHpSohwBYjbjxKEmmM+XePx4iM31OirVktRWo/FYmLgr7bJQsTVNY4SjF0+lMM3sGD6LV8/HfM7GpodC0RxSGltsIVwmAid7LhtxFuyCpqVMQ7mqApmWfKSpgYMNsVDsiXviky9HI2LgUwqPsQtJiZTEqY09yWj5rHIoLdN51rWRIChIkQIKSo1R1qw6ZG0MKWNYchVpvAnnivMMYthmr2S/yNPLC+RYHRvrLJe1gHp5OuM8OmjvUXtgjs+a0dBbDHfq6cgA/RudjGxOfqjIbeMYR4YwmMv4A9sQ7K+x0U3EkKgSeXHBlAhnhuZ6G3s3r+Enf+Uf6jn7b//s1aw/DnDWD7C9WkaxVhavRh9CpIpftQgWSJc2Wis11Esu3KJSljk7MunNsLpSRqFYEMiOOSMZsaOLPorFAqqtlsK2XEAkWMz5szLUm1VpSB086SMILezu1uG4CXq9KS5GGRrVEq5fXxXYdRGEWCwiNNstlIpF3XShkOdQnbIymT4ML1gTNLG6s2YQExvBbITB6RmqnVW0ttRD0FzkUAlZj8mUQn5Mxx7e3UfvfIZbr9zAxvYqXObZ3GTSRIQIpzUV+V/v/fMPcf25q2ivNiRFON7fx2S4wN7VTfgFFr38LAeT8QTHDw6xfX0XxYojBkRj2L+7DxKeN7Y7JkWjcSR4/Nk+Ks0WVjY7Ar1L4iEzIzREC3EWS1GfxMqFEi4YF4aFv+QfZBOQXqHenRFInUKesxv8Sw6ISWoyjh5wKQgUMCJDoqghEwgJU6hqpMRIkqC0TeFbZOyL8byw8akd78lgjCCI1dFUPSURJDam4znmswCNVgXVhkL3jITj7hD97hjtjVW0OnVxX/EywHQ4QbFcgVdQwqxYrqHr8/8/dYRqGGDiI6msdOTJvGD5rtkJGdJkBdM5SXAVskaCaa+HxsaaHE6vWMCP/rm/qwfkf/v1N7LZLMJ73z7F7eeaWL+0JU08GnVtpSMpVkiKwWiJxtaKUBLoScbjIT7/8AnOjme4fnsV157bhOWX5bSOz7s4PjxHtVbH7nM31ONES0z7Azx5eIzFJMH1V66gULBxvH+OxTLF6koJPmnqtouL/hKT8Rw3nt9Gtezj7LCHJw/Psbq1jqu3tmVwhguwDNUzEzXiIk+GQ5w9OUG1XsfGFc0ladjBZIqT+0coVGpY29mQbj0ZAowAi/lSUssih6PiCP2zMUaDMfqDBa7e2MPGXltmCzxBlBieGUEJQTvCA/v4j76Pq6+9gM5aR4yCKNjxkx4u3dhBtZ6nGrb0TT7/8AFuvnoDjU5VOFTM+4/vPUAQuti7sauFKg8tAnzvD95De30bN16+JGmt0F+Yo9NsOGAmtHlTn5k0S0mv5IQxYpj8n39ncm+lr+ceVinwUmvI+9BYtJ8iU0RmTEHoEiZ/58yIgiOkZ5g+hqB3NuKQs0EBCiWl6C+XSzy6+wB3P32MnevX8MrrtyVdXS4XOH3wCA8/2cf2zau4+uJlSdXn0xmO7h/g0SdPsHfrBq6/dANuwcX5k4d4/OE9bN64gc3ru4IWagalvH4BLWS+hjUFswmTyjt0CNo3Yn9HKE+JRqK8gSg1oJVKry4MlihXeCjpTpb42i+YIv1v/speNgmAO58M0W4UsLvXEioHF6raaNCFII1mCIZztFbb8EiHT22cnAwQDheYpzYGwwCvv76JSrmIYBYinE+wTB0sJjF2b63rsMqEQ1lMXTKcns5QbXrYvrSC0WAunoUt/sUcqHcqiNjN7c3QbBRRKrtIoyUWATAcLrC93US15iNYJDg9GQpEu7O9AoI+jE798xkKBRftTlnrakKcyxhnp1M4votOuwzX4sRiiDB2cHEeolrxsLpawmS0QMYmqQOcXyywudVAu+kjjuaISINPHYTLFNUGuWY24iDGg896aK43sLLiwXcyjGchzo/n2FivoVTjxtEQLfGk9x72sbPbRqtNyo5O+52d9rGMLGxut2HDl7A/nY9xvj9Ab5Li9s0NtNebMo3INIfprAMPy8WSbTdUGtVnPCgeDaZIBDxTcrQUWPDY+VfUwKQxtDAeXgUkPM+Gx0MooSKRXhaNj5FT0DeZN1EwhpOAjBuz0QjLeYRyoymI/LQ/xmQwQWOljVKtgNlwKLT4x/s9nF6M8dxzV7Gx0cSo1+V0GR7fO4NdKOHK7W0Zwht3e3ALFk72u8gyH7tXd2BlS9mzi94QdOKX6XRqVQEwCCcXfE9SVWmVStTP854AACAASURBVNM1w/lpV+rjesMXp8YUPF6S55YgmM9RKjKd5qGIhIHheQ6iaI5SnUyMBNXWCoqtCn7kFwzM+1f/7G42nCc4PI8xn4V44VpTMHEuTKVKY7GEN3X0aIRCIcXOVlmoHPsnIVZXK3A8C8cHIS5drqFZszAZLFBfa2MxD3BxPMXe1RriMMCoP0ODaUhmYdTTMc3NSx3JsYWbFUU4OpmhR5pDo4CV1QZ8J8XpaR9BQJJkGZ5vodWpwbVTBPMI01mK8XCOlfUatnZaiMIYF8dDCZEbuyvwOBgDYDyZ4tG9Y5RrdVy9uQsnXSBk97vaQvdsjPH5BTa22xiPlugNpigWfERRir0bO0IRyeIFas0WktjC4HyEjZ0NFCsFBLMhPvr2HdTbK7h8a09oKsP+EEcPz7B7dRvlZtl4OwthnOLT7z/E+mYTnTVGEDJbLRzunyIMImxtE8UDLk776J0OcP3lazg5mePRB/fx6g9fQp28MqYLnMiLUhw/fIxGZw2VZklhSwFBCJawPopxcTZGfzjHdDJDu+GhzLkeTu6ZyBssXaCg9JWtyytSj8RBKENbSargQbvVQOYQAIkQBQGCIJI6oFwpYTYOcHw6wXDBnpJOl5JlcGl3BclyicHFEK12A4VqCWe9KSrlArw0xHw6R2ulgcEgQAoPtZoj4w/VGpu2KUaDALV2A+C03zJArV7GYslnIlCSYNCboFIuYf98iOuX19DmGqfaECZ/7eh8itPzMZ6/tYpKxcfwvIfxZIl6u4PzgxNcff4yau2ikHMvDk+wurEq7OlKswPXiuGXK3BLRXz15w1Z8Xf/ixeyZeJiMFni4/cHePVLq/CtGcZ9YG1vFYVSGRfdLj5+/0K85tZOSXoWdz/tYjDhiXRQK1Xx0hvb0qa5+4OHKNYrKPpANI5x+0vX5IA9/uRAODyrOy0UKhXxGJuXt1BtkXtD18bwGyIM5xKK/WJJmKkHhxe4d/cMZd/FzRtbKNUcLOczVMoNIUUePzlFEsa4fHNPiq2jx0eSA29f2xEP3T3t48MPHuLhwwHWN1fw2huXkAUzAQOaGw24dozpSQ/1ZhN+tYaAoSpjujaWUdCzkz5WNlexud2RkdzuSRer22vwCxWML47QPRkjTC3cevV5OTT0rE+YVty6ilqzBkuYvEpkvPPup2itdrCxtyZ5PbOZ/Qf70uG/xOcHMDob4P77d/DKN74sxfIP/tlHsOwAb/6JN+A4pGGw3zLH/e9+R2ggzc2O4SvpUBnrEsQJ9h88wdnpANPxGF7QQ5Rk2Nhpo1wuYLoAmuvbwjYYdUe4/totxMECwWQAt1hDMItlFn7n1nXEiwmC8UTefTGdInMsrF6+jOlkjgf3LjAcBmjUXY2wjo9LV9bFYN//9l3MpyEa9QLqrTJuvHgd0XyJBx/ckTVvb6xj9cqOoIafvncXwSxAtcrIsYvNvS0cPz7Ex+99KgV1Z3UFt19/EZ6f4s5HD7G23sSdDw/x6pefw8p6E3a6QO/kHPXOGiJE+Be//wHefPs1uMkUx08Osbq7g2qliMcf3MflL72EWqsiaNfddz/EuDvG1s3L2Lq2B18QUZ1S/Mq/ZVKs3/nPn8suzhZAxcX9TwfwKyVsrtk4ejBEfb2N1moD83Efi0mIze1dtFYrIq5w+riP06MB1vdW0OxUUSmSpsDeRg9nRwMUa2R8xrh6YwOlOjk6IabDBWrtmjTtegcDITc2VmlE7Cqz066dc2ba0t1m38R2dVZDxi4t9C8GOD2+gF8to9Hki8ZSzJGqzbTr4mwG38uwtlZEGCW4c6+H+4czLGILW+sVvHarg0qpgMcHE2FtNltFbG3WUK+RRapFW5QCF8cjFCsu5jMLZ2cTuEmERoN0faCxWsGwP4JvZ3ALFcyGATa2CPMG6PeWOD6dY+9yB2UCGmS3uiyWgcePR6g0q1hfKcMrkAHg4OSIlBUHm3sEAywxlHe/ex9vfeVF+AUbD+91MTyf47Wv3ZBURDv/CfY/+BzVlRVsXV7jeVBo2OVYLNO5CN3Tc4zHC1y7tY37736Cw7MMz72yh4KXYTgMceXlm9LcG5wNceWF6+gdnBLOw8bVXYzOLjAbT7F9+yrGp0eiFdDaXEM4GAnJsbO3h5AI3oMTjCchOp06ptMJloyEu6vy33wyx2g4EcpJtVJBpdaC7XJYjrNAHiyGWxZNcYL++YUcvnq7hXKjLPaxmEU4eXgu6Ob63jpqzaY80wcf3MPuXhv3P9lHe30F/f4EN65tS2TZuLyOWs3FR+9+jt1rV/Dow4/QWlvF7o3LWM4J1PSwZeZihKmeZDh7cor2egfVpoJMrKHSKMSP/PLf1yL9b//a7ezg0RhZpYhed4Fub4mNTQ9WGEtXdDJmB3aJtY0SNtabqDUVRZKmDFtpHI0V7j+HithVZeoAzMMAJwdDbG43UG1yaIbfp41EEubOj/ooFApY2Ww+m9gVXDqnKLPA1m62bWBKImQ8hOPhAjMW19USGq2qpDaz3hDD/gTDcYxqq4bVtRJGFxO890kf+9056jUPr7+wjVdevYp6qyGbnkWJ9Dg8n/R+hQaJOUVxjP17T1Bv1tFaW8F8shBqhFvM0D/pobOxgicPTjAZTNHZqEtkIudodH6GKLGx/2SA7SvrCJYTxJGFS1e2EAQLfPLBQ+xeuoTdy6tAtpTG3UfvP0RjrYO9rYaqsrg2vvP/3MWrP3wDtUYdj+4fYHI2w6tfvaUjamJTCR7deSjEvu3Lq9i/f4IwjNFZq8ghOn50ikaridE0wu1XL2MhPDQb5YIjMPVwwI5+Bo/8quEEu7e2ZSpzNFoIYGGnrAdDaeAuBhNMpnMZkkvDQA5ok4clTHD3/jnOz2bY2mgJaEAhj7V2EdvrNUUYc1xZGoo52dCMiUq+od1wgewZ/djzEqRB4WTWUFoDcZCLhXyADz56jI2tFTy4f4G19TrK1RJWOh56F4GwGqrlImqtKhqtIuaTJZacWq34iOYzqZF2rm0L4iqN4IL+fOIZ6pg9FArUTMjwTh5B/s5fvpUFywylVgMPPjvEo3shXDfDpUtl7N3cRPciwvvfOUChbOHq1TVsbDZRqDjSU+AGsXgjM5RTg0xxpM6Di+lkiqP7RzIfXuu0RHlE6NgkWywD9I5OBMPfvLL1bMSW/Y1YiWO2jPEybTDdUVVQ0OErqeo5raaEvvlogGmvL3MfDPkMPo06c3Mbs6WDySyQA7K5yfFeRYSEfyN7pBuZY/18RA4uPbp3iFK1gLXNFXgkbzJNSpc4fky4uCVkwvlkhlKthHKtgsP7B7IenY1VHD44gu2mWCwWmE1jrG838eEHj7F/1Mc7b7+K19+4hpBp50efojeIUaiVUSkT6Ldw86Vr+MP/81u49epz2Li0gcOHj3HyeIx3fvKHZPBKyBJMPT/5GP3jGV76kS/jo+/ewcffv4dSWfsL7FC99OZNDLpLvPnjX3rWdRbURkeDsyjFbDTG0cMD7L50EyV6ziWRnhjTUR/9kwvsPv+cHDhBhkgnGZwL47q5tSvO/+HnRwiCBC+/eUsK+WBGgmaMSoNjBoqSEWoWqo9As3nDWAloTxuIwlViP8SM2ub0djMhqdCZhXAe4Lt/+BG2L23i7of3cOnGFVy7uYsiuWNJhsWYU4wctvOlNpYpUP7n2hidHuDo8xNcf+M5FIsl6dexNaDqE8pwEBKjOP4Ib/+b/6tGkP/5L93IgjCVuuD8ZCAkwf2HQ7TbPnavd8RYDg7nePSki7pj49peGztXO1LwCnyRKiIgqhecUZeuU0Fw7qPHXWzsrqG1Vtdut/C1mMLEGJz3ES4ybLJAJHDNQaYk0ZltISdytoKp1lLlaKQLrV1hDhbJuCxx/SxFvztCdxjKHArzP/YcW6tVnSWxmXYorZ1jxNRUohHxc2goMq8u0jE8bIkgZgQhHj8ZirDDzlYLRb9gaCEpjiU1rKBU4Z4aRqnjYXC+QLefiEEVCxZqDR+uHeH8dIQ7jwY46rE7buPLr7Vxac3HZBQqc8EvoH8+weblNUGJFtESdz56jL3tHVy9sYKD/R6Oz0Z45ysvw2eBblEZJBZ2w4MPT/Hqj72A/QdHoru1uVlD77SPT++c4eVXr2HUm+KVt180sxOKTCm/TmfBp6MpDh+dYPf5a6hWdPyXNdPk/Azd/TNs3LyBUr0knX4enOH5uaSAG1cvi1/R8WQIHKsNR1VMYSTI2RTKEdPehcCqAiaoegsBm5yvlvMvtHlp5nHlUNFg+WfsrwAfff+BDM11j47QWF3BlRtbqFYrOk+ez4oIPclwBNmFsl0Musc4fnSBa8/tqa6aUP7ojJVrSFa4NJ4jjgO4+Ilf+cd6QH7z37+RnRzM4NXJzEyEPzOdkh/votmuwmXOi0S8cMGKsHd5DZ6n3daMVAhZKUrpcBCJzTYHqW1hOpvj8b0uNjYaWNtuGPKWJZEmTlMMemMsxkSyyAo1lHbTu5IDIh0gQ2Mwekqi5SCsXuXY6AEBpvMEFxdzgadrlQI6q3VU6kWBRnVCzdBVRILHdGlzPpRwuIjaURhCWcDcfUaBYB5g+/oOqlWiTkwrU9z/+D6anQY66yuq30W+lOGJUXuKHlS8I80gDvHBe/fwh995KHUNUZcfevsW5henOHjSw9bOClyPulBluFmED75zB3efjBAlPr729k1ce24NZycXePd7p/jGN16E62SI4hDheILYLuLjdz/DrZd20R8mmExjXNoqYDEL8HB/hDd+6CVRUykXlUKi3Cp29jUd5hPOZnOcHvXR2V5Bq6GiGlzb6WCC86MB6msNrKxWxQmxJuR4NKH0lZ1Vowajs9/5BKAwbMU4JQcwnDdtJAonz/RdpOkqvQyz3oanZyiKKtzA1Et6F+yEc0v04MymqQQFivmREVHipHiR76WQtsZY0yiU1Fy5YERRT/aHuPbSDsokSAqpVfsitKml7BszmAi+V8TX/4LppP/Wr93KTg5G8tIMCIslp6pmWFlpK0zpUNnCx3w0xWI4xurVLdieqnVIzqjZozmJypHh+szmCzy4e4x6oyxNM100NrdUmS/khNokQHONEYQKH3p41LSU46D5Z86Kpf8gP4JpwhcGkmQw3wzty2xMzvql/A09omkskeNktJpURkefkyodSTRXvS4Rq1PjiRfM0xN4lbKOIBvO1t0PH6LarGN9Z026/PKIIj2iQ0Ak8alIm6YYLOafPDqH55awtlFBo10TDtp7f/x9tBoV3HjhFkqNIu598ADf+tZdTAJGIB8/+3NvYedKC5/feYx/+vsP8a/9ma9gba2G48efY31jW2Zr7vzzH6C00sIsSPHBu4+w1iyJJwzSFD/9r/+o9KXEm7Ojzn8NgZK1HZ9wOp7i8WeP0dlYw9aldUOZzzDu93D8YB+NtRWs765r1zrNEIwHCCZjVNfWRTVSfg5ndoQHouRCOhfZMeGTaSNPCZTasNRma87HUgqLfrByvNSjG2a6pMK5aIpK+IhYB7+OoI0hGzJFUlENMiNo6CorlUceaeCen+Cz9+/j9pvPCeTLWk+VZ/R75ftEdomzOgn+xC+aTvpv/0e3s4ODGQaDEIulheVigna7iKsvXpKRS4Zk2yphNp1h2h1j/fqmbKCoGarGjBi0Cgko4UwYD4mFOIjEi/u+p6wnSbNI8ciwjIlmsChlUajhV0zdNKWEuiBOhjQQkfEzdGgykYxUjHCychEynWOXMJ4T05l+kuOTpdLZZWoiDTMJ9bmuljKBZdpMZC+V5Cb0eokEKiAg4TdNcHDYl03b3u2g6JNP5chAFddDaUk54VIZsezYq8qjKkKKkggL7aWib4Sqx+Mpvvudxzjoz4VndX23hrffeRFnwyH+73/6EQ4HCX78hy/j1du7+MEff4yX3nkL9aqLk8/vothoIk5s9Htz3HxlT4bEHt19iJusKypsIjLFVieiwVEPMt+X0ebJZ/siXHH5uU1dNUbkwRjH9/ZRWWlj6yo7/ApgzPpnmFycoL62h2q7bVANvoVwSPQ/Y9BqGIZMKj83Tw9yvSuzTvnffYH1q4Rv1SyjPUhMoGiIYULrGIXWJXKkOEnINc7VbMh7ExU//Rnc39lkgg++8zmuv3wTzRbVH1X8j9Ol5IaxdcHsLpwNxH6//stmJv3v/ae3s6OjCINxiN6ERgQ0Gj7qZQrDMVLYcOFisVxiMYiwuVdHtUKGtOoOMTzxJMrvbcKxuvhxbAacaFzUgTUiYwzVRCP6Xc6BlNBp1wQIE+9jFkm0ZtNQPB/pK08pnU+Zupp9iVyo0B6oIyV4lwntDJ2WwKa5NCXVN0iTcaWrzPRNu8RMC/JDoJuqw1P5LLPDKTQ58DrPvH//GKcHZ5LL1hq5HCYPZr7xRlpD6ELcOI2E1KCV2iemhKdROREbokJIguFMkT/PdlEvcN4+we/9s49x/ySC7dv4+mtbeOlKC92LBE7JQrPiSIPQKxNAsKQPUSoSWhdJO2n8+fmor4yuUg+Xa0RnpXpmLLD3H/VEEOPFVzYMI9fCYhrh6EkXXqWCS1eJuOk7UB522h3KDEl9palrJYNzpHKo0qFwz2gT+XwOx6YZzE10Ed0wQUeUn6d1CO1M1yKfHlRE0WQDIkSo4nT54LLKS2nlQvvjsFa0CNDYIH/PzP9I3apzumnq4OP3H0nzcvNSiwx/AZQ4xcgue629IhrAi9GF0t3/wu+qX/iHv/5itohIMoyVfSsGTgS3JFq0JOClUSLD+sPzCVY211AmgsURWKOfq8xOeulQTjqhNyJZfFml0DF90kNAvg67m4tpjNp6B/VmRVjD/EzFr8g5YkgPdJrPLT2bB5EIlU/VGQhQxL6IzKhYmB4m8os092T4lOEhEYAzk42yEZpK5YiWBD4503mIzwXjVMmP0UMQs/EM4+EY9U5dMHPNv1W4jWFfIhF/kNGJVTo6UwIjhscwbkabdHhWhdGEai9Tb6ROuIKA/fbf+wM8PBxhe62In/1TP4wtCiuTL8X5GKHZcu6C8w9KZFRZHRqeaguIWIQ4WuUcqdiBfpaMRc8CPPr8EKPeGD/09VeeCiIsJnMcPDwUUejL13c0ghOlms4w67M/VBXJHwEWRQs4n5hUqjqjJlMaGl5zY1sUZp4RG433N/WB/s5ojsksh4p7P/0z7q9Q4DX5VoVJjSxqCswcIgxPTtA9Osfu87dQrleNFBHpNjp9yNT/4+99LMX+zVduCtQrKZkUODrLLzVItJBPevvn/5YekH/8G29kGYsP5uCZw5ks8fhscHFBSd84f3wmU2jTaYxSg4zfOlbYhfYoDaTSLJNxF4/unAkS8twbt1EsleT789SFQmh0AtNxD/PxCM1Vsl3ZGdbeg0ZkhYFzUUSVypTRG52LEOfMw6Pfo1N6KkQsKYSkRiYtEkSGB0TyPxOOjVyOfE4OKZoCVi1M50xMYSeRxhxIGQYTg1aIWRI5elYRsVUKuOYXptaSukgh5Jw2brBkrbAy6k9xUOlptqDRUF44Edp2vz+SIp1eb3WtLZJMKqbxLF0xs5UqpMaNjpnWMsJTZcVA4zyvghyZ1gR/ZwaowjBDvVVHuU7lmBjhYo4CJaAyFQwnopNH2DiKBOVzPV/0AZ72rAzqxK9jGjvpn0uqxzl1kfJh1JZnzgectEB/tram5jTVp9Sd4miMeomZQhWHZ86XRhPxSphPB9LPqTU7wn7QCUSNTPyHwoFUpaEIN6MoSbHK4FYt4syirCoPB+frdRry7Z//Ld2af/LX3lFtDRFWEH0M4edLSmQUVEZnfZzsD+CUC9Kmn49D7D23h3K5LmlQFFPx4gLZMkNrY1MoF7nYgJiU8N1sLKMYk+GFHInm6oa+oHy6QT3E0+UoiJHIkXTBCDvoMdJiTTy+IhvK+dcIKFI5gnrpIqt3/cIYl4zuav76LGE2o7wSPejpdez3aeqlIVWf08zly3fLjKjxgJT61MFw4+1M2q3TUIZOr8+fn4p8hFfkQw3KoxVUDCvRmkWOmwz5mMiYe+ucaG6Gwpi6MM2VHy8C0vnwkxqCRJd8noN84dkcZ/v7KFSaWN/ZlJTu+NEBDh8dYnN3TebFW+tttWFZLlNsf3HwWP5OIWOp0SRdDLCYjEQHoFRtGtQxf+fcsRD9NOJ64phMNDcCe/nP0x6ViU5mP3NFMLV9PaSD0yNx8JVGw1y1ofQedboEHbpyWGkbpPEz9bUlddb9ZNNWbD2mNtlc1KO++ouGi/VPvvkjAhgzrKdGgjOnc+tYJAf6AwzOh/ArNVHBGJ6eob25gVKpLPAl766YnA2wuruBYq0lsK1AsNLXyMSD8DOC6VSKpVK1gRI1qzQk6DMaojELEhGsljYDVSoo18V5dRXJFFEwzpfIAdH2t/5ex0ufipYZZfen03GiuM6tVvRKjZ0IBn+STqfJH5lwb7DaZ4dMlEqM1+PPFtDAiATQuVCIwoAH7Pw/LYgFFDAHJG9KycvlrXsDdcqfaQTlBqq31AJT9J7UmzztG+QawQQlyEwY9s6wun1ZvbQ0NslAeDZ+K9FORNw0kkeLkWiEVZtM24DlbCqUDw45OV6MxtoaSmVNlfVd9B0UhDBdjlyQgjAw662YKv0zcVZFkYGlbG1OtzdpFOnlomyfwClQQcekvuCsSSCwOedtdHzb1Imyv+xXGa1kfq7UjxTSXuD4wX00N3ZQKlfN7hmBcOnUUyVHVWDyaC3Tr6b2kdKCABHhZNaHUQA4dbzzbxh199/75lczIkYiVEwIlRelyFyGqoPIZHUSYnQxRLHeFKoxYUrWGRSBO9znrEYfm50qdp9fl2GaamdFHp7CcCTDkWNDQ704OhV2cGd9TYpX5vCUvmRKJ4cpjaVhSYU/Duqo/A+vMyBq5iCYzzQMCtzHi3SoJUXPBXiVqkrMCJJhmk0y0819ZdQw8xFaeUhhqwtl8nJ9VUXkOMVocHVN+xKhp4taihwm45XlgOTgQO6hVYdX81oz+y4fY+arDeqnmZpJ8wyipmiXoj95pJJmFms9mbAykU88q96PQpYt5UE5mkC6CQXjOBTEn0EROlXMJ0UnFN0pdvBpeMG0j0K5Dq9UEsNggy/gHTGcArRsyeN58RFfUSI0pe08jv4SgeMeZJKCyR45Kts6ZaEczEWVhIoqNE5elZBE9NAEFWJJgWbDkXC5ys0mihVfwRPPRe9wX9Idfm8ac86EguMJkjBAFMzgFX0UK22UGxyGczGfDPHkkzty9cHK1gqC0UgOggyTkdUBiB6zsIabDaP2TztQVV898KzbKKRHBRvtrLuVDbz1s7+h5+n/+uafyN2duWhEy3viwr5XVmnKdInJxQjlRkXmIU4en8hsiONb6J4N0L0IsHt5C/UmFbQjlNurovjBWoMICReFizybhJLnFko+kiBFvVMSqVDCpB47PqLhy4tgeGuQJ8oXVP6j8BvDIzu5UTiXkU5emlKslMU7U76m1GwLpCsplqrfmXpEhrifFdK5jZmDouldnirlekk6GqwFdC6QbAiB4tXyA2JqAVNkaArzRSPn7/WwSZKnofLpVQSCpD2tWXIJJT04Sm0xog8mVdCSiLWGyf8JvY67Qi7s7Gyjd3SGzu4lFMtlGTEY9y/kwJCNwMjNLn//fIBqsy3kvUqzLfL/vHGruUIdsBmmowkcnzKwGSpFVw7dYjoRkmJ9pSOCD8F0KHP33Ddy8hzqogFYjMZYzhfwKwXVerY8YWfz8wXeTiLUO+sGJ9DboDhaUaxQ8CIRyhAx/1p7VUZr43CGxYRzIuTyWXCLnogNlmsdxMu5iOM9/vguVneuwvMzGcgrN6tCSeFoM22FaJ5XaqCxQkq/dtB1bw3qKOLmY1mrRps25MEpruLNf/m/0QPye3/9R8W1ZfQiBmpbsDN9MsXm7roQApNkhtlghFqjiZBix5MApVpF0Bx6HJL2WhttJmmizuGRWTuei/gctWKpt0S2J3fD5WU9BSqkrCKieHVvILRwejJ6J1Hgcwt6X0hEbV4XlQZhOUc3KopEvoaS/vRkVH5vrG7CKepVbvT0KtOT+3ZytkwqZibrtB7XolsPiBliNpfeWKJgyJU00vsinKaHh57ri/ltbvyqkvEMbHhaSJsuu9ZBJgiYno8c3KfTfqTbkHem9RNTRbkGweT3yhzIoTYFCBilx/2zp6S+8fkE2zdvwvYczIcDkVptrK8jCoaI6djuPRDRCqY2jBoUhhORjlpTHBjT4eUiFDlQKtKnIWcsiiLPyj9fof6xywM1lRqDxi39LYpVcN6bfKjhCLXVjlL8ze1UNm+eKlcxHfZEWK9UrstSsec2G5BiX0YwoVySzt/XO5uako+6MtrgluooUpCPxstr5SoVDM8OEIcLcQr1jU3RXe6srSMIJ9KMrtY7GJ0fy4iGX2uguboqqKtYhYAKdEiMbCkGp08kRW+0VhX5K7SfHZD/45tfzRyqZsi9DSrDPzif4KPvHeK5L13Gxm5TBmnI6OWADuVESTl3C0w1PATzJYrFqqQ7xZIrhTivQphc8H4IC67UZzZmkwX8UkUeak69W8cR6ctsmYgiCK8WK1SLKihg+ZgOeaUBxRcc1Fpt6UOE4UKRpnApB4QauJx/Z7e71uqI8ggn7nLtKHpsgUTNtXF5hiKRVWofg6rkqZZCXhp82b2UIt/cr2ike1SXS4l35gvNYcyNWdMj1VjWyJGjV0rkN1pcuZC0obqod/qCbBIpO5JWKZqowEMux8Mv1Vqse/RE0mJtsHpY3aZkk42Th4+Fc1RtthBSQzhOcfLgCGuXV0QLmU3EMptkMYeEatIhZ7QLqBkASxixXF8RhpOpPaBUqUjKNBv10VynTKsroxByPduSEC1EgpS6Z1TGLFYqWIZ0kBzDLcodiOyrCULmUKVyrKJztZbC0xLsNbXKR3219MnvWeFvdP2ZXVBBxqdYH1E3cS4ZlrOZUHfk1i7208xEpNamDC+EDQAAIABJREFUOTMjR0x5fd4Sw9NjlBoNuSJDtsut482f/asmgnzzaxlPVJpwYCZCuISc5PPDAertstLbEw5rFeCVqk/VRBxeouOSFcn6gdagbFSdC1aIU2QipQuoKYEoLRqFbz68alupcqLSSHIYz1yOYsTX5KdSjIBkOOm/qOYSJxH5FsLZkSzJKJmYhmNuwKq2oij6Mz9ubqaRbclFX79AazGDTnntoohXLnljpEDyzTOViLy3Kaa14jcFrtAfDClHfkYugKdGIQzSp/phudCzgSGNekcOL6sonkKgPM+UR2X9SJlRen5KqzJtW5IVbdZB1A39ksy/FGtFvTKOJE0RsQ4kRaKhaiuABTdrLqYjRAgJ61I5xZZCfDEeyj5wAk/ZEznN0ACwUtMpxE40UOlIz57XTMUbGDYXf1MpnrxPkyNnWi2a9NeotOeZwVPmbx6Wc71ec6dIfl/IM9q9gjIyhsxor7mWMBomvVNUWh1hAGv3v4y3/vRf0wPyj37jq5nluVjMpzj4/AxpmOLGK9tyaxQpxLyBx/eIZevgkgoukyjGARPt4nIYXijU4lnp9Xg5jF6ppdwYGm5e9D+Th8z5WdpTMAskRWqOKOlFNNqMU68vdmfukFBvn8O1T29hMaiU/o1QRgxZMVfgyOVrZFBLnls1tp7i9ELFMEiN3N2nPRZJpwyaY7onAnNrJWswcZMeCR+IhbQpcWhUWp/w8PMd+BcxAmoHUxHGZU+IzxJjNpqI8AFTCtNF0XokYxHOxqmBJwk8POUcKZQq9w9yXYSgqM8s1BtpXnIfDA4g76F7adDpZyjdU1vX6xv0Z6YIFhQdH4ryPRGjPJrmHCz5RImCRrtK3t30K0yPSQ6h+fm6lF/4jcl089vEnqGKRmNXNVnMHYYaSfQjcrDFODtpHuvhy4EQTXmZVunFriqZy1t6eYHsVEAO2oOizkW89bPmgPzmf/hiRvnHwekFJr25KJnUV8rwWWTRyPlNHPUUmXvixLwFlYUq5VRUp0iQLjPYpHArB5DoPVUjSWoCER3QtEYXMBc0o5dROFn1Vk1XU5p+uoG5sqHIUhr4VrZZOFV6QAwdz3TLzUHKBdhMx9XkRKZTm58j010X7o/pxEujSdkBYmCUAxXaivZjlHOmsylyZo034iZIL1lu0+LGLY0P1JxX7+BTvphArojx2R9/D9s3b2hfSDTFlvj4W9/G1q1baBH9EwMmQjQWBRa958P0eeRCUqa0eo2qzjYQ3VJdY4WK1QDFQL4AY6vkpjFeBc0NzZyfmPdfuK+m5yTDVUMpZku1KmrNtowOPK2R5JQ9OxzmY/9/HCyNBxpxjK8z66PRUB2gHgL9fmUIPGswmgOQf3PeA9KLD02/R981Vyx5+v7GVuTWKbnNKxZmNGsgsp6brRWU6woWwCnirT/9Tf3ov/yTaxnF4E67oeTd9bovau28p8N3bFHhEx0pcXv6eqxZGG45t0yZezJLWXvISChDM1VMghA+afEEhEQxQ4UAyMUi+5P1hUrwGn0qQbD4kjnWrQslIOpTvV1Nk7g+pDHQ6EQFPU9xRC1ROVqS9+f0dtHZzT2h6u6KJJAcSu0L6A4ZVUHxJIS8DWRrbrRVLSvC4JpChEGIKEmk80yHQM0oEjld0Y2lOJn2QNRrayrJLjR3Xe4otxx8+K33cen2VbRWmoL/c/P+6A++jRfefAWNVi76kOH06Bjd8zleeftlZSg9FelTijkZc/IpJOE5jDLMWI2qvHHSsp7mLklhPRv92qdInhySZ+RPzVv58OqhORVJdLLIq/rIgpC/M+wCM9/xrMv/hYzgC4mtqqNoL0VlX9WmmKarGLrWVk9vmTL1oaiDCifSyN3KsJOm4prS56m9kZI1jUtRWhSVF+V+kc7Dpij5b4tgjkl/Im2Iza029m5d14DglfGlf8VEkP/uFy5lnPs42p8IZLe+15SGFe+5ED0mkf+nJ1Ksm5qn7DWQ3fvo0yfwiy1cubWFfncg6oIcd+X4Zv/4TLDn+tqKetSMMO8M3bMLFIoltFbqIFrGS24Y7sbDgUgAlcsNrG50FNHiHYS84iCOZRiKhsjXDSjjc9QVBIbyMHwe3hkyHkwlp+S8Bqf8aJmiOi+mQ8+qos657q9cBy2LrumU6gxrKiPRjP0WFsui7h7g9MmZZJDru6vwSg6O9s+wf9AXQQAODZHYePUaGQZcq0DCN8UNypWCzFYL3Zv3wvMmXOF3Ofj03QdobDTRqHPYS9f3+x8eYGe3g06bg1q02RTD4RgXvSWu39oQZRJxb3L+TIQ2QnSSYlOVnVI+nIehs5CrujVN1SawqirKQBk9GLv2EpXy1E/lf+TOcomaZAlo/q4R0KSgptaUS0vlGmx6Zq6ZqhxyrIFi5XRokRhyImPOCVVKElXBpKEyAnKvhTHABmqWga0cUZSUTMOgg3LQ6LD1KgxxtI7cNiQX8JDT5/scofblch9qcM0mMdqrLWGUi6w8x5rz9lO6lJvPKDdaLLoocpCKNlNo4s1/yfRBfvMvXcuIHl2cznDwYIwrL6xz5AL1Tkuuz+UGN1ZWQd1TXnBfqXSkgKNI23Awx+npAjef3xKSFwv5WrOExXggUi6OW8HK9obMK1PChXMGp4c9RKmLS9fXRIeq2WmLrtbHnx7gvDfBzesbeOutm+Klg2mAk0dH6F9wXmUN125fkgU9OTrH558dodKo4/U3b6DgOehfnOPJAwoMWLjx/GVs7qyo0QsDW6VOuahCocmvMJMi3/liuq6Ar6HFywAYeIEp7zQ8w8M7B/BLNTz32k25bu7x5/v44MNDmX2hETQbJXzlJ76MWr2I5XyK8XkPH3zvHjq723jhlSvwi+qN5Q52t4jMcXH3X7yP2uoK1q9vSZTm83zr97+Ndmcdt1++qilIEqHX7eHT9x7haz/9tkk7lHAosv6WLxwsIoScV09o8Lw1id9L+JbpxJL8q0D+nv/lN1g7vLo64mCziS6c2IxIG1XmAZUcqRozHk1l0G11ralEQbqdkD97iUKlqJOHrJlYm5ohNSG4RFSrjBDw7hbPRb3ZkAuVKENLp0IIWBX0VcFRKep6UIVyI9GSZEftTTESyBSo6QcxxSRI8/ndh6jXGlhfb4rjnA7HOHzwAI8f9vDCl17A5g57K5rO60RDgtn4DFGYoNJcRYGyRKrtD7vQwpt/6r/WFOvXf24jY5ozWSR48niOrd2aqHW023UgDEVwLfN5tS/dQIzdnYoMTLH7yDsHh/0QtWYZtYaHcDaTm1p56km/Jq7e2exgsQgwHYdykQ3VKvqDGHtX2iL8ddKd4vt3ejjoziSvv71TxzuvbcocysXFFGSWik4THFy/1hGxL4o2dPsR7KKH61cp+xKLKBiJd7N5hnangrX1mhjCdJpgHsYolz00a7zFV1MvjRaOXHYjfEN6ySjhnmOxiFEuuqjWPMn7R72RqO/NZxkyp4idvVUUSx7OT84QJ7z5qoA4S3Hw8Ay3X7kskq1H++cgYZTvenA8xJfeuIZ2i9QKPSAu70axPZw+3Bf1ld2buyjwclLHwoffpdyNi1feumEOlIXhcIqP332Id/7k65KKUa+LfSaORNOj+nmvR1P3Z/w1qQE1jxcSqLlnnCwCGWoSuohGWQVCeHhIN1GWAlOqk8ND3L13IBShL//wS5JU9YddcUizUYgrNy9j59KqqXVyziYnApkZTPD44QmePDpDpVbFS6/exCqnFIXeoR1tkSw1KbboIJt2gy0zG3qtm8jCxin6/bHMz1MAjlk2Iw8v4/nwvfuo1+u4cWNdOvcXR4fCvzrY76LdrmJzvaqIqhxanYnpnZ7J3ZilckGcGJVAJatkBPmZ/0oPyP/0717PeJInkwSf3bnA3uUmigUXq1trsJMFPv7+MY5O5uJ5WZe89OIKYot07BSlsoeS76K5sQrHzXC6f4RxfyGSm7yHjw2/zWs7GHaHePL5iQjRcaNm4xibVzfQXK3gzp0j/L9/fIQZO+IOcHOrjh/7ynU5y3c/O8R8Fov8DvHqnc0WhsM5HI9NKl2wne2adIJJV2Bs756PsLrWwcZ2C5PBCIP+HOcEH2pF3LixhXKtqFcXjIcYdmdottoiTrZczkFSJg2ecjn1Rgkray3sPzqRqx/anRKO9k/lerq9Sx1UilTSGGE4ClFv18XA7t/Zx+2X98QxfPvdR2iUfVy+vIrxPES94qHTJJxqRJ9FHMJC77yP0TjA9t4KbwjBMovw+cOerNHLL/F2p0RSpckkwt27Z3j1lW3hcTGtoVhGbxxJrcKfr9dN2JjPIywSChmk8JwUG2t1OQh6WZcKHCzTpWjdNhr8O1c640yBgjBEGlkiVM7e03QwkNuAT3sh4tTC629ek7HbH3xwH5/cOUapXMGX37qGK3srUnfO2TexiHzyFuM57tw5xAd3jzCYR1jvtPD2q5ews1IS0KE7miJYRlindq/vIwpV/3gRLjGcBeg0K6LRzMWdTiaYzFOc9gOsdOri7C76U1GnYfNwfa2FCvthZUvkbZnGd9Y7OD7uolIu49qNDVGvYf+E+8P7Up589gS333oTxSIHpipwfQVQJIL8jIkg//tfeTOL+FBToHfOoptKhDEq7RY2dko4fHCK7ihGq1WXBeRcul2q4ex4KNIq23uregch2GCkZGYP1ZqLaotXpCVYubopC3dw70woALydiLm5Uyrh8vOXMBnO8dlnp+gPQ5SKGWoFG7c5jNSq4uR4KPI6vM6sVHLRaDXwcL8rkaVT4+ZWsL7ZxnTK2maIZlNveOIIaXOlisV4Kt3/8TCQ+wkp2FZtVJFEodyWdPfTE+xeuYRrt/fQ73al+7+2vSX6ukwBmqtN3PnBPYxGIVotEuH0AvrLt3dQa1RwdtTDe9+9hyUv3pQ720P8yE+/g2azih+8dw937x6gVnRw80obl56/hukkkHsPWW8wzPOG3ZMnB1j05rj+xgsoFnj18gR3P3mMh3dO8TN/5sclbSY1fjSc4du//x6+/lNfQ4F3Qi4WOD98gvPzALu3LqPe9LEMCVvO8Ed/8B7e/2wk+fqtvQ5+4idek9luMm1noxm6FwMcnI5lJOGlWxvqcbt9zOQiqzKSIMTuTk1Sy/GQMrEl9GdLzOYWLm9UcHLWw7ufDxDAwmq9jJevrmB7rYyj4y4+/ryLZquJ11+9hEUQ4bsfH+K4N5eovdGq453Xr2BzrYzP7zzEp3ePsAgS/NhPfQUvvX5TCkI2ITmw9fm9U6xvbeHm89tI0xCffPdTKaYvumMx/q3dFXz8wecUuJcrx2+/dhPNZk3S0Tsf3sOTu4/+P6reM0jS9MrOO1VZmVnpKzOrKsvb7mpvx89gZjCYGWB2h9gld6nghkKK0D/p1ypCCikoUiIlyoQYIZrlGumHQgqJP8TQhiSSywVB2MViAAwwvn13dZc36b23inPu91WDE8Rypk1V5fe9733ve++5z0EsEtHdJDA1i2svb8DjG8fh/W20ymV02d8JhLF166qs9aSEpnpALgRRvPBtp1H4f/2tG6Pj/ZxYxdVmW9KNcr6Hft+Dy1fiqBUbOMg0MUvkp9cD79gA8yucxx5ijJGcqkzNRdhgC2vtvPyyW1vN1JFcngZtCF3YMWcKStkGqpUONq8uKe0yKACBJD0UczWEAiEkZqJOzjlEo9FCsdhAMBgAi0DNZlvVjEali3AkiKlkUOwnfkhG/4nJCV1AG7UeorFJwRyYEnKm2zc5gXqlIZnEcaYl3dL8fBzp0yLavQFSqSS6lapEdMm5KWmQGtWWusj9QQf5TAXzS3GEwwE0G13xmLo9ms8bK2xpNaWIxbtGIVvSZ5uKRSR3ufPFPhIzCWycn+XxgWohI5ejQrqCjWubKmbksxlxqL749Agf/u4bCAZ86HSbsuL+6tMdvPj1V4BhG6NuX/ihzG4G4emobNS4mCu1Kr77nbuodGh1No5L52bxe//eB8rvC+lTSTrG/ZPIF2qolnt48/0bkvCc7hxjKpVSanW6n8WFaxvIpnN48OVToZ5I2O8Nvbh0dQ2PHjzFp5/tIhYNaa5+dXUOU3Ef/vKnd3HncRZbG/P45jdvKGN4/OQUp6dl9R7Ymrl0aQ0Toy4++egOjgnN43DSuy/i2s1NVItlVCsVxJMzONxlkPJhc2tRP9/HP3+owpHZcnixtJ7C/Xt7WFudxswMbeQI6TPDVa7JaqmEUa+HZquPUqmLzfMzgp53Gy10um1M+DzSlbF/R0vw6HTK+k4sTPhiuP3hf2sp1p/+3dujfKaJUDSI/Z0jzQdQhzPqe7CwEkdf3t0DJBc5vzGugRoqeank1NAJKwyUZYCdbmvc8ZtSGZrbTyM+P4NwLKRqBi9TlCrQoiB9WBa5nFh89VFGE6o6FNI5eMdDSK3OOr2EgZjB2ZOyoF4kgbAaVa1UcfA0oyi4cXFJl7lOu43jQ3oS+kXdI3rIO8HqCfVbPUUYVqkOd9MyFx32RwiFIpiej2liklU0RgqZXAa8SMzH4JvkyCg3vhfVahUHO8dYXp9DNBayEVP2iDShqDaUow52Zlw0kmr2ZsxtaTHh8fQR8fdRTecxxorLhF90wJlUFIdPTzAx6dNp8Iuf7+H2K5uY6A9RazT0DJ8+TGPl3KJIjjQyDUUmZCHBiiCB2J3OGJ5uF/HzR0V4PEPEgx7Eg168++4NVWe++vwpZhamMT0bQe40h1pthBdeuaCFmT2tCn/aabUF9bt4fVOFmWKhIskKTVBz+SYuXF7RgFy90hJNpJApoFppoNUb4uef76HRG2ElFcWrL65jdTkhzhkDC0Wqh3s1I2A269jZzqLV4WDeCOvrM5ibi6BYbCJT6uo98645GZrE+kpYMPJ0mX4svImOYyrmRSwSQL0xkPEo74vcOFKheycEA+TboJwllykhm6nj4pUVkS4pdbGWD++eVEnbgBnXDN8TsyRPYBq3fuPv2AbhTHqj2UMgFsGTu4cYjqI4f5l+4axK8dQgaI1CRqfTq2I7O+j07u5olNQufFwkdqHiUdluVnGywxZ+FLMkY7C763iElwtlHGxnsHRxXdxbU6NY+bOYzchoZn5zUb7jMj/hSzu1QauFtZR8ExuNOp7eP1IH+vLt8+ptcC7iYPtIl9/l88vw06ea046lCurVPqLJhCRPT+7v4+Qwj5npKZy/tIb4dEgLSs3PsXHkT6gv6mF6YcYUw6oCc1a7ge37+6LzJQTDY1PJgzHHEMYEhE5jU41GVpKcORKn+cXyMU0ud+8+QpAmln4vAtGYKO0/+dc/Q3hqWiDuo0f7uPnmTeQO0zg4TGN5c1kjB1s3zZb5ZOdYXvQs1xKevbA2p4tsqdzAvS+eypp7biaG7a8e4eZrt+Q5/+jeEY4PThHyj+vCTIvvC0yxBiNxdke9FvyTY+gNx7CxmcJk0Bqc7LIUck3ksjUsrSQRCjE40stxDMdHRdRqHSytzaEz9KBGqHipgdRsBGvrSYz6FjyoCn50/xgJUiQ3F+QCwKxCno4+ntazmAj40SI8u9dVGphJV3Hp+jqShJ67IwzivNn8jxQCCtDG23LnFY1TwJc2RObkFM8eZ3DrtcuYnHSLETLXs/EGVv04tjwaWXOc2VAgiVsf/Fe2Qf7hv7844hFEj/RSpY1u24O1c0nEo2zyjavKw+EbTZQ5KZQaU/rbhh9VP5abRCpamy7jZSh9TJHcAKvn550hG2sCUeCYOamLwDe7FLMhlz7bAH1USpwV6AukxvIfH7D8q3NVVcAWlxMIOF4eLOHxort1kaY41AoNcLiflyPtyvoMguQliWjRRKXaRWQqjHCEo6U04LTuOC/ALOfymJWz0fjIQZv2kJyOaSHZFKP93EQZLazOIDHNFNChPKoZaMJGNcpcvpZTOnWFhTbdSJu2JoqnWQWA0BSHxyKKans7JyKyT0WDmJlOIJIMo12t49nTtCLk6rklxGcTGOeEJRfu+BjSO8cqgS6fX9FC4QnJgS02IdvNDh5/8hXWrlyQhQIXTaPaVOWIKe2z7X1sMEipJ8W+TVuncPakhHNXNtW/sV7hODLHGRUp1rfWkUyGHdWDB3tPjpDP5HH+yhrC0QDarS4e3T1Qt33r6qojAyEtpI2vPt1GMhXH1uUV9b5YJaM1XqfWRiSZkP+8hKQYopgt4O69Y1y8soSF+cTzzcBeydAIjiY4tXKwtd5NX8e11+Zp4xmgUa7hk0/28cpb58XD4t8huEND2urdmCLZ4/UjPr9irQB/HLd+4+/aBvnf/5NLo3SmqmYRd5HX78fiJtE+BDXzmDJ1rA4OaYB4epiFF9MSm/qyH0yGJY6kgk3FSqEmM565jSWnWWifg5uGHFVupkg8Yo08B1BNoFyj3BKUmfcINvEYC9LpEnInJaxtzonHy4XI47Pb7oq8TkEd88+DgywqlQZW1uaQiEd1hNLdKXNalUNVcpY0DuapHTTKeQEpqCb1hzn7ws8GyfhJJSSDNzLFCpV1a3mXOdpLY2Z+Ru5I0mtJgsUugut556hPHUm1iCaiapAJZlUSjnUyG+03WqKr0B+evYLJWERDY/wZatki6uU2InT9oic9xwSIFyIeVDxbNpI9yB/nJVZcWE9gjNHaUSfwPsbgcbh9hPhMHPFZc5k1ZaxHjl37+5x3j2Nphb6N1k8vV5rInhQVBEhbN4DfBAq5Io6OS5hfnMXcTNAW/tg40kclnB5m5fWSnJmSuvrRg2M167a27FTjqcx58C8/3UNkKoTzl2YVuDj70yhWUcxUEIqHEYqx9G1KBQbDTz/dx/kLc1heosrAJlTVrOR6kdaPqgyOijuyGjG6nBL+YEJDWFxrP/nxPbzy1jUk4iHHlNUdSDNnKxNEUkHCWXvKomK49Zt/2zbIP/s7V0bddh+5wyrQGyG5lEQoOa3mjBo1ekCu/MBIhaSOiDclnZABE0yhar7jWu9Dmwhk5KWxvPnlGSLItHRSbzk739ULdVXOHfS9GrLiqSCJyBijegXFdAWJVAJT05yVlhGG6aHU8rWZcYKmu92+7km0gOMxS0+Kve0TSb8XVuYUwevlouYJgqGQsPm+IA13ZHSnwZtiuojkUkrKAMlsNJfBxc2CBOHH9nMZKcUxAlUvwVhQeuaiqjjaLdE5DEKgF+LxoHx8iIkJztt0pCb1h3mammr26ccfoZZvY/3WJUwvJM3cU4JGYwdQ6MhT4PjpPnq9caxeXLaRXUlneLL30WlwoIgAuDiiVGU7tnM87dmbOjoqYWwwhuXVuKkGuEGqbaTTFaRSIcQiXhOdjsZQqw+QybfUG5qfZXCwhUxPlUy6ooAxtziln+nulweSHd24tW6NWQ9HkoF7n++LV3Dh+jKo/+PGqZcqeHZ/Bwubq5hfW3Qe3LhS3D////4SF65s4tLVDaNvOpoynRwK1mahfTYKKuCIKbsdxZe6+ftP05idn5H1gyPxcthgfHUknvD+QrYZ36cPw/EwXvjQ2SB/73fmR97AuPwjhu0RAmFWgBjVPRbNXEUkf4XyhAlgcmJMvFq6DUkKQC4SI6T4tlpKRvQwaITq7+Z2y5ffN/Ws1KZG8DYxpsPuVUfV5oiZ0smnXTMEdArqqznGy5ejZtNCfS7CM1WWbgyKKiaPYynxydOsxHXLSwnUyyUUMnlEo2HMLkwjRHMafjBGkyHQaDRQyJaRmI0rbVCK6eifbDSA47UmJ5dfoStPFSdM39hccnlp1N4ykiDjgUDfEl1OyFW1nCtheiGFOIsgbFpqtLiGw4cPUDyp49yL1xHXqTe0GW9prkSF1jM73jlRfn/++rqBCPT8DLXaanXw4Ff3sHx+EykpC1wbaeKXejjYPUG72ceVFy46kIo+SoUi9rbTWFidx+wCvVtsqKzX4UncUGCMxpheWnBrNZvgndI/yTI8iyAjfPrRHXT7wEtvXIffZ0JW/lPKVfSzMdV1zkAZ33z583uYXZnD8uaSDXDqxO3jB9/9JabiMVy+vK5qniH47TQXm8BV8pqs0VJhiREdhS/Xpca5bU0ykI9L0MmyLtck9XYdEXuis/OaMeKdcTAewosf/pcW6v/7354ZheJB+MNheaB7g+M2hKL72VDsI1YFhiOOUTJqDMXrZXPGupyGhOSCGGnQxWY8+GG0myXScyTrMqC0X1PXViGBHWzjr7qiRJsT5kYyn3J30dux/nwA0BgKjqLXFVZpEMnm0i01HKLTG+Lho1P50C0vJlBMFyRf2byyjvlFnpaOmNWRZtfqDfU4aKA5laCzkyl2JXDkhpadCWc4TEVrF0ijsGjDsmKn2RUyxUwqzpNHYAeCvnkH6AxQztEXo4cpsoSnOL7KIsFQZqS0HGMZOzmfgF/sWQtQ7hAWAwUDQCZTRbPRw4Wry46d8piG0WRc2R/hwZ09JKensboxbUJx2VpTOAqcHOZQzNVx69VLTkGBDk81oVKTM3HZNLiSdnPJprSEFtpjpqYQ0M2kLLIt4Ak7GOLh/T00Gn1curImaj2fhYHHHdIk1bQcrabsfERs6o5cq0irJItAYwhjwN37aW20jcUkIgEqpCkic5TaGrqy1J9QEAHIqVBgisZmnqpZ3FAmJKUxqo36WwDjmpSGbED7tSkRKvV+hxMYeH5tg/y/f/PiaNw3gi+SlPyBDkKSpAvmRikCnVotWqliQ1mCYNs2a01IQ5can+5AY7O87NudwiyiQUkEp/wU5s0fzoaDjMxOKQOZRpydjsYj+qBy+XGZWA7hwkAafNCOUM9R9ZqK2x2scQYKpFLlfYg/o3WIs2kSBPsIBvzYfbCH0/0Mrr1+TZdOevFJZK/TiP2VJk73ThTZp6bjRgixY+qMSK545LBmTRNldw1JIZ2Nqaq3JnEdcLPk+y5ZfIhK7kS6KfqVTwZZQaG0vqP5BBt1LWNqdtae46CtyCgPd955aGXcbeH4qCAjo9uvbCl1ZN9m2GWs7Mm56jjTUEBbnJ4eP+++AAAgAElEQVRUWdugJzYMlSs0cHJaxpWrC/AyahMm1+4jX2jB7/dgcZ7VPVMuM1B2W21UsxWxh6flqaihAGfhGS+Zurtyo69K2FSEPoGs6nnVY7CZIJeoT0U3C0ET+OKTh/D5grh447waxEpdxz04PMyj1x9geXkO4RCDtgvEtohm0hhXAv/ca8SyGHeMwdlY0qw5HiVOnmWQDGfEgoFVimAPBp4IXvzwb9kJ8q///msjjLOKFVd5lJGfF0LLxxyMjo5ZgxGrJKsHxkuxQeYYmSulEiLRKQSjpmdxpeoCC7tzFi5yR+A1HttNlDN5VMvmLsRoKWwkFwKPRiIrxXqy/N+1AHbvMzpkdRfhXYcv30ANIoLws0gF6hBGHKwleVDZwzQyhznlvMu03tJcgzP/QT5ru4dSvohIzKpYjsj+DAahQ8zBbdqkos0z2Iguq2KObbRyTAW557OMGka0X2zWCho7js0uOOI8pnhGeOGDZlPV5zObZBI3jOBoVUJVsYYDFHMFnB7nce3FK6ZCdsuh/MZ9lsNJRRlJcawg71YkR0NkTvPYfrCD2y9d06QhG5X9dlf6KTbSeK+gjF4ACQxRKeZw/OwA/kAYG1cv6I6oCVEHV+SidVxgnlX2LGLbBcKyBg0bqnZk8voHn97FoDvCGm0Y6BrmYpKU1rKV9HzWw56kXdTdFMsgFs4sijMbZCPMdv87kz67g2NOOd6G2PhPx9YKq6/cMxPR53eQH/zhuyPW68c9xNy739Rm03khJHmdmirL7ygVtgk89jx07FK6PaSlAe8HjBAU0pl61rRBzqSbG1mdnJbPgAukWarCH40LBenzO80baoXaNHkcU2TVghz00SPQwcNqAy+c/F1Lo6goZTebC5PIILsHuJdlk7fbEx2h1ag66c+kcDX+SVYuLLcVg0rDToywhgYS4lODXDYTbpbDTJmIwrHhqDGylfT7hjo10ZPzLfn5HSC25hD6nKVu6e+Tlj4ZiiLKYSlWY1iDF+nPTh0FGd3RHLKKAo3V98/ubaIkdnXfYdDSmuDCdeYgJG/XIu6rhMs5cYPqTWhevFouK7CxccrPQBAG+0n+IN1k7fPIHoDS8XJBioTgFN8X34FNmPJrKypq7oaf27GvOLsPuqevLUfxcu1D6iFRl8U1xNEHNfv0DJ7DK6zi4SxOfYWz0UN7Zs53tYfOP0dJ0ITjVqU83WngWgneHcfVHLuEmiwZc39wIJAMqSm88FecPsgP/8k7SlJGnoBNyYELsY9GuSnT98mAD8F4XC+hWaqJWKKL9nAM3sCkYA6cveClitUjehESAhzgkL5SHBYxbPZadxnZE/MXh6gWSvowvP/wO3u9kwhGYrYAibnURX1gD435a48eJLwPcbOaHx/L0NzYurMoLeMwksUnnjRCcDoNQEYaVq749+lHpx6PQ2K0DcTKEB+SUdj1CpXrMwiZpbAN5jB35TiyzwDelN0Y/98u6M6ZoeCilNVOwFa9rBlynmKNUkGn7/zFGwiGiOkxMqQu4xymUpXPxohZitb8l8/3/N/dw3FEoghBCobH4cIIxyIiv+g085L24pGMp1LIYXrBaO02EWmnq05Ip5xPrpW62OGIVRFVhBlo5r3bbsIXiOoyy7K6AiXL8LqD/povh+T8Vt1zwde6o2nzeLR5eTqyCsZSrP0cltbbPw5BxvVAdy75Z7O6SosUCZw/7wAIbcva31c65UxJ2gt09pUzsap4yZkf23BqYUj63wd8cbzwV5xO+vf+wesjdsPHJmme6BO4p91qIrN/ilF3qMU+s7Iiy+NKtgh/NIpem9OHYxiTM5TP8fGrqCNbKdbU8AlOTqLLlz42hsmQTRlyCq3X4YzBSMYxdBj1kiLP4ZcJn+yNZ5fXzHa42xb4rF4t6+tR/0/JPVOweqWsIRv+migaDmmEcLRWvW0xbHwI36RfkZDf16vFDLTrFckzvJNB/d5kOKqXrVvMkE3Fojrd/DWKGuUDrjRnHK1qVf4RDHy9FucI4vo7TEeY/nTqFTk98aTgfwciMUVs5t48kRulrJ4HlciF9DECgYgA0cGpKMqZEoKxqAa/IskkOtWSUlmSQOgyy/fgi06hVSmK3uIPetFpGxqpU8ojf5xBvTWhpuPVN1/Qn2NQ48bkKCl/HvFpuwTHWSWnXiwq6lPHRAYawXKE0PE9unPz/PlJL2xWS7rwEtHDTU+TGZJoiPuh0oGpiSYmfUzRbZMPNVfSl3W0Tg6iftokK/bhYbZAbR89zxsNpZH8+TQhqou4c+/ld/WyIGSIU0tXGQzd8rlVexT8OHNCw9QRJfCc3/drJMP6d879USO9blvBgqwA1/oiVjCCL4EXPnQ2yPf/4E1qfzE+SU/xgL38XkcTgRQu8puxPs9hG0Yq+lnQzpcd4Fopj6nZFdWoi7m0pgH5AryTpL+Pq4THjmp/0Fb6wmhPr3H+MMRM8uXqv4jvGQ6FMo3PLOryydFIdjk79TrGvHYX8ntZ6RmIEO8h6MC58HEzTUz6NS9P+jqra7xcBsIhpU88DWgrTUVrt93QRZYRk5Ry0jnY1LJ7zlAYG5vlpuddSb4RTOsa1Yo2A1+qSok9jxa0qQba8kdsV0krDGHYNcu44NSsrOpk8UXoQb2ipmApfYjJaAy1XE7f3xcKo9voYjJC7nEN0ZkkKicHCCdmtEEKx8dih40L7jCOQZfw/THUC3nUsyeoZ6o4OGqi0Z3E1s3zuPX1myidHJzBvX1Kl/waUGJRxCo6PmR2dzVpF06yQDOJUDiMwskRPMEwqoUigpEIQuGoKj1UQ6vPxdPYN6E7w9zqiji8xWwaozFin+hNSK/1tvoKFAtSe8bUuUvdld+HZrWJaqmK2ZUVPUsu1dLpsU7lYDSEYJRQdI7zehQk+f9Hp9k0Jn7W7gySNWlBP4eI8+fLHuwhPk3T1QYa1QaSCwu629oItv11Q07biW6jdE5RSJ15h47vieIFdx7kR3/yzkjzBRqRtBy72Wqh32xjfDIo7CNTI+5yChT5g/KHm4xG1UtgBYZRoFIsIxgyxW+/OxI6iH0LMng7zbJ6WKyicO6AYkNGN/U71FOgn4jNIFA1yyjGVN711iDLdYLHutSWHpDCwgfKkqDkEQ1C6szngUJDj29Cl2suToLHGL15ivAUG1dE8Wi4S2yomBUGGFR5ApEuyJOFKQU1QbzfsApWOD5RAYIAsk67gWBsTt14NSLLRfiJ2hwNhP3kxibZMDKzIG9zplpUkPLewdSn16whPDuDwu4OwtOzYtX6KWmhpObwVOahlJwL4ToYSEbP5mwln8XU3LyIMkRlDjslHH1+F/UqsJvzYCwQxBvv3UbAZ2xaBgDC2cKJWb3XSiEjqiIZuq1qWw1gymy4eYxSApRzefijMePnDgey8KaHOhfUZDik58khreBUAtF4HPViQYGSGFHSFAmrE7g6Sul5X5+926qimi9pipJBoNVglYzYWWYoPKHaCkRE3LIgQJsFERs9hMTFEWYQYQB3wBDmSGv3MCVIgz4KJwcoZbOYW9tQ8zQQS0hew3cmVppg3lb9svTVmbdW+ZkbjWT3rtLJft+Hl37XmUn/4Z98k8VrXYDZcfaH2FEO21go0fVqhjkoetb65HPBeyhPA/vC0sCoU85RSDYL7eKqMij7GILSOR4ajlZLnVtGiR5PlyG8PkY55q3Md5tnyBYO9YhkMuaxewn7Eeq3OGklZ5lZ9eFlXRUgB0tEjb+PhEZOLUBNQt31nBOFU2jSYk0SNmfNMM5LMGUg4I4nIV+cW0okIpUlSULslFb5g+i2+HPahVjEP79fFBeDVjBfD+lS6w9Qjl9Fs0rZtw+x1Jw2fDWXFr6VKQf/Lk9EUvKjszPod9jA4hBRU1KYcvoUrWoFkVQCweisXmb16C7Sjw+lPi21J9Do9LG6Pgt06iqsTC8vaGHpeY2A4ukRYtNJadtos0dANSVB3IDRGE//tnwZqSrgvadZKir9I3iOJexYkicaU/C2QB28O5F0wqA1GeacT1snPdNXFkoYZHgad1u8v/DZks1LWz8Peh0GHhIQI3qXgszxz5HD22wqJWbQ63T7iCSnEUs6J4EjU3DvZ1zwg24Xmb1dlanpXXO6d4TJ8BRiyQjC8SkB4dxilnXZLc1yEzaVpwd1xyWL2c0YXvrdP7Da2w/++JsjLoz8UQGZ0zJSqzNILS/Bwz6CWsXWgDkznJEvh2umSa1LW3cKTvmZvZjbTXaoFeo4Wu/DEDIOtVur1WhU9mvu8WnHn/34rpzDSoKqPugDGnPLRRDbVzByubrnZ1VFxwfb8RixKof9z76bQdgcmxFHnuDsPAdR45AR7Hu7DSanyGiVK7KjWEO3ap0ZSNjPqcAiIaPl06xgeTwBAQVcUsgZa5fXOaYOXQNL2D9mP8YmJWdHvN4gAlFOABpyqPD0FxiOQoik1nWBZ0Tmx6vkT3Viz61uyMLavfCryCHWlqvZcmBxbtHM8TQxqwOLzO7PLiGAUEUscRtRhpmLbO0IdnBIj7LUI8y6TyEgN4x1/oXaYWrLZ6hxXgNYMFDwxFVhglZqjvcgg1G9UkL+NK9UaWqGIk2nEGJKNOcJWbGhks+hWW9g0utVlsLgSAHqkM9yMCbuFe9aduy4bDa7x/A9DqmPo9pcnfpxvPDXnA3y/T96b8TS58mTIsq1EcIxHy7cOG+XHZEKZSNk+p8xj/T4XIjWxeSFs2NzxQRdu6VKmQ46Ud6RA/BSreiv3oqjRnW0TLY3bGFZ99vBf57xrkwoqQ691p7dY0Tuc0t8TofUxY4aC9dKpWb/5i46xz3X8Q6ROc/ZpnHr4s8hdOq/OExGq+nb99fTUdnVuTy64DsHGaRCgVPVUoncaWzpbwoe4FAVQfmIW6p0MDhOsszPS2hCp1lBNXesybhwJHFWtWyVjuENJTUBJwvr0VDjsbt372Lt6hWESKYhGd+52toRyidBnpdb+rRrr/0RUwaoPaDfts+gU9TZtGeSIG0qI5ZYscoWrKRHjrjVCPcS5j3HpzpdJWOjuS0S25BGkjDkEr/p/v3HesYzy7NK72z+yH5OpyFh1C6nWWwvx/wYWewoZLPYfryHYqaKN955Xe7HRoNyzXmsWGGtM1YwefqzmhjGjQ8dePX3/vCdUTFTRLnQwtAzgValhcX1BRPj8XJLE06/5f58qK5trtXcWbJjpcKjC5g6nVoItjgV1R1COisT8ppQuuRUFojicdekNd8NiuamYY5K09IpK+WpQeY0Ip2u4Bmvy90sQpCenakqrzgiSlfkZj+fuVHxLZlswxW4afE6AkTr/yhztXei983CgiPk1CnoHNkuc8pBi9qpaN4o+h4uSpUpnV4ky7fs85g8XT+//qzTdNTCY8VrH916DdHpeV38TV5jC89FJfLnZ3p48mwfxZMstl6+rqIHo7lOWB2r/Nq6DP4aJd5t5P3a6arT0Bn0EtDbJD5qQgrAZpYKJtS0k9hmYRxtnj6LSU/OAgzXjvi4FnBc9L69Ces7uZdws6UYIr9/qgpYJBGRsttmjVxFh3uXcPSNrpBROsAh9p7u4NOP7+HOowMZ1P7+7/+e5tKlTleUIO7GRdaawoBlXum8/NO48S2nk/7df/zGiOONu9t18fR4oaGJJ6snPr8PhMpFo6znW4rBo89SLz54zctac5DyBXkyjJl1tIOwMf2UeY54xFiacEDLlg6YNbClR3ZssgdhRQOpfnWncVW/1uyzPNICn+sk5d7YxIt1Oqju17S0y04OyfOdi5r1eZ3P8muyBdsg1i03I3v7b31dbpxuV8UFK0fy73N4yBqkZ4vGqbDps0kt50D15AVibCYtOslwGImd4MHKij4CdVm2aVv1gp4BkZ+0vTO4m106zxIN5vrdLiq5Ivz+EMLJsAPydk5//UkucS4+fianD8KobJHi7CR1F70FDes5KK3jHyLgzXm3bkBUWHY2iEYfXKm/o/a2U8Et01q1SBmBc3YppZMJqr1UO2/NjdguD+4G5RKhhsuxlpOCwkBykt707VTmv3//Ox/hV3fTqHZopNrH7/9Hv4uVxYg0f7yD0eWW8h3O+GiT0pNmgpXPKPyxRdz84G9apv5v/snXRhyQefpFHvH5AJKLy5gYG+iSyB6A3zcpINdwxAYbF7Udc7bhyWz6dQckk3xYoLU8TwtJJw8v8BTxGcKFsySaAnPSLNHxVNHiNnX8B7XIrFtuj80h79Ex1uHz2gXeRHNKpByKoZqHOjpdULTJM87Igk5KpGUmLhPfg0mnTZNlqZ7J7RkZWSxwqY98SV54/FahcjMUO2nc+r19PzUXnUqd22TUz6oF5TS7mJIOJzS5TBCcAgOlMpT8sMImmAB9UxhkDPY27DOATKgByMjKlJcLRKmvKoCsEvoEUrOrm+FEWQjQKeXcYwRzVtrr0NUZwEQltDuQ2Rt49HPopbNR6qyDs8CjleTeIZ/fF1VtEknRodMrIpjjrq2T53dGO0GcoKfd6ijC9WfsRNEfYaVJ3o4sjtB8iTWmgRx4SbwZjk0gGvVj76CA3TzJN2MoZdJ47+vXEA8OcXhEgWgXC3MR+Lwd7D7LCt6dWpgXiGN2ZR2x+XO4+cF/bhvk+3/w1qhUruPzH+9h8UISyVRKlYRBs4PkQgo+YjXJ8xh20e5yPn1MU3k+nzB9jsDGSSadurS6x/ptXhC5W/n7rKG7zqSuqQw/NPNu9+tYw8d+MovOSs00V2EP205uB72pMOx6mFOUyKOff82O9+eL3Gk7O8e+k3CfWblRIsOFZSR3M1bhS5WzlTrttvAtspMe2EWv99wnUShUoiybPdEl2ZwydcOY4f+pJpUtmnvq8ed3VoPSUEtTJUIcNG1jDU0TJ1+9YVsnut0bTOHMn4Hd6GouJ5Oi6ExcxkacOedzPtzZV09hcZnQPxNImhTGZCE68d10Vc/cTobRyKPLbqVYUTUrEGDX3O6T7Ra1YXSE4qSm2UrY1nCts10W8L99Cpz5ACmoujhXR5mstPz53cXddG6adYY2tXRBQLsxjTG7RZox6QCr+QrK5TZqTWBhJYHEbELiWeoLf/XTz7GytoZOLYsf/OVXqDeB975xG/6xDj795RPEp5P44K9+HbEpn4pNnslZ3PjWf2rL8Ht/8OaokKvhpz86wNjkOBbm4mh1O/APxjC3GEU0yNLuENV6C/XmCIVyF6lUGLMpv5SoPvY9CPQqd9BsDhEJ+zGdMkcgCgbZTeUO7w9I0mOaYLkrNwXLgmQ38b81QEOSIf9sl/ZhLJ2ybMcc3Y5fGbJoao7d63F1yhmFaA7DSgi7oOy6+oJMy0xqQm1Nj/0Xmlx6xjSXbMM3HjRqdTRbPaGAApP8PlTTUi7TEvWR7q9cIEoplHdTAtPV9F8x3xCKKBgiLKGOQqGD3aMiNtdSmF9OwDcxgVqljqPjqthT07McJ7ATmH0aq5bQpoBVnIFk9RjrYkjnJA4olTuIJpNC0oyrZD6GVsfKE5EocTbsZZRQOEojn6vjwsvXcO9X93Dx9mWUS0X8+Id3sHF+E++8e1klVm4SGhcNuk1TNUxOqmPOBW+1B7v78GdJH55id/sI4UQcC4szCm6ZTA75bAmb5wmJo3bMtb927hqu66xryKn4ZndMu3+7qk3LKGzhO2pcZ4TbldafnTpMNwXi9ojMyKze5qasDyb5Ub+FLz++C8/YJAKhCZweVRCMeJFaTGFuMaEy9y/+4nN4A1PInqbxs8/3dPJ+47VNpI+ySGebSM3G8PY7NxAKeiWWDCbWcPs3/wvbIN/9gzdHpUwO+zt1FPNtXLyxgla7i367r4GZSGhCM93lQlW2VulMU7nawnII+UwDqYU4SvkSPv7kBPlqH1cvpvDyKxvwaPahj269jWanh2qlDZ9/AvOrrKX3Ua+2hN9pU46CPmYWZgS65ohurTxAtdKD1z+GlQucTYcagO1a26EsktVLY52oNlm1UEevz/mTESb9HvhDZtXAhyNs0WEVxXoPkbAXW1spzMxGNaqbTVdwmmlgbiGBxcWEJtTYpKxXRzg+rmNpbRrJuA0xsS7P36djFj3vdh4cYX5jGVOzU8gcHaLdHsfT4zL84yO8+tZl4ZHyJxk8eVZTgHjtzUsYdBrCDHnHPagV8+KF1ds+ZI7yuPwSsT9ddCol9IY+HD48wtrVDQSjPgzZZBx6RLlkU/f89WVUCzWkj/YxlZrH3sMT3Hz9qrrwxUYfv/zsKbYP6rhxaRl/7duXdS/J5Siv8VEjo01P05xqvYPl1RlxfJnb97oj8Y2b9SrS6apkM+e3VrD9NIOfffpEEPL337yGC1uzAj83W9xUJFD6MRn0oM/3XO1qhiMWm0QoMIZWo416vaMT1jfhQzgWEHqJMiQGoWa7h3DYj2jMbzL84RDtWh21el8av2BoEu1GF0d7OZXH5+Zp7DOGcq0jvtj4oIv7d47QH07AH/SgXKjj0pU5BT2/14pKv/zlU3SG7PT78PlXhwiEvHjj9iLKVSKkuuh0O9hcpi/iAEubs5jduIaXfsupYv35P3hj1MwXxJ7aeVjF+vVlafDTB2Uk5yNi3B7uZdElaWQpgcJRCf5QBLFpP472ykjMh3H/4TE+vlNUVHnpSgrvv39d2nr64XFxs6ObP8kJ/bN2Y0u0vlLGrNd6/T5q+QJSqyvqNlMfFAhFUc43hRPdevG8TrBKhrBqD4JTMXVamW4k5lOo5rNolKuIJKYNdE0XI1L9ml1tkCcP9/HFnVPUukMkYz68884NrK/POvqfCZwcl4SZWdmcV5ebHXbafREpND0Xx1QioFkVHv3tVkXz4TSqefiTzzGztohWr4dHd/dw9fZ5bYT7X+7g5iuXBJ+bnp9Gsz3El588xru/+Tp2Hu1j/cIGvN6RZCIx2ht4Qnj4yT1cfeOm/PhG/RYmQgnc+95HOPfSdYx7+ug2q9Js5dM1lPMt3HzzInJHaWzf2UZ8No70QQEvfeMmeq0q/uKjx/jobkFMgctrM/jrv3MbBTKCP3tmJ8eYB6nFBCKJIHLZNra2ptXwjCUiOD7IY/vxMWZTMfHFgtEIZqYj+MtfPMO93RLmU3G898Ym5pIe3L/zDIfHdZEVr99cx+JyDAc7R7hz7xitvgcvvnAOq0tRPL63g6fbGZ3yy0vTuHxjA6HoJHafHuLBg2Pky21curyGWy9sauajUSmjmM7j8KiK5S0CJULIH+aQK7Zwmi6Ijumf8ODBgyNsXVxALM5hM1r0BUWf/+qTh3jxa5cRnQpbmX00xE9//AXaQx9efPUifvnRV/AGQnjr7Wt677SXOzqs4PK1VfVpgBYmIrN46dsOvPqf/w8vjmgrlcuW8PB+DdMLMXUks8cVzCQmsXougZNME+UKEJ+awKDJCBTA4loCveE4ytU6fvVVFru5PqKTHqwkJ/G1V1dU5z/ZK4I6oFDUj3Imh4kxL5auLiF/mBFwbenCMjq1KqqFMqbnU8jliuh0hljbWkMtX0Y5V8D65SX0Wl1kjwqYXp6Xs24lV9DdgMjPaqao+fXo9BSq2ZzShlBySvl1qVjHLz7Zw85hWcd8MuLFG6+eR3wqIMj1zEJKMgoRGJMB5E8p3iNpJYVGLodwdFI8KjaxiqcZlGlWH48IYXlw5xnm1mfQ6g1w934B00nyXyOS05Mu/+zRKaKzCYRCEyieVnDx1ibuf7WHtfMLEh826j2snV9WJeHg8T42bpzDzoNtWSFQQ/bVDz7CpddewP6DR2qUJeamcfz0EIVsG6//xk3J0nMnOUXt/ccHuP3OSxgfa+KLL/fxi8+OMBUOIB4O4K/+3juo5Au499kjnRT9zgjxmVlsXVtEvdoWYO3RvX18/YOXkT4p4ItfPcIk6wPDEVIrSzh3YRmffv4UD58eIx4O4db1VWDYxL/6s8+Qr/VEHPnGO7cQi07gp3/xKe4/zWvTfOv9l7E0F8ZHP/wE288KKne88upFvPrWdTSaNfz4h1/gzoNjva+bV9fw3gcvird7enAk+Afn3JdI7h/ro1pqCA/15OGeTvKF+Sn89Gf3MDsTU5/n5oukKpr64Uff+QQvvX0T8QS1W1alvPfZAxye1vD2e7dx95N7QufeevGC7tH0B3n6KI2Ni2uqWDItjC9dxIvfdsSKf/q3L43oINXpDnByTA/zAALBIHInecSTEcwuxzDujWmskxoeF/y2ujmn6UEOFzGPy1baCPrG0avUsLY+hXA0hFptiFKhhWCQMpE2asUyli4tKb8+PqiKuxQKTChN4pHYHXiQyTYRECy7L1Qp4XVUmeYJ0R6NEIoQsdlWNAxR51UjYcULf8QriQIxQVPzBCBMopBv4P7DHDKFhqLDXHISly6lpAM6zVQlaCSALBrxyeKhVOwgk2vLqiARmUA8GYAvaC5arcYQuUxVNsde/ziKmRJWL65hfnVRqU/6uIhEIoD5Jd4bvMikyzjaz+q+s7GxhEhiEq1GFxOeIXL5CvYeHCMS8moTMjgtb81g+04eyekA4oko7n/+CLffvomTnRMM4RNpspQtoljs4a0PLjmKXCKEOnjy2S6WttYRT7K6NUIhX8NgOI7th8d47d1bqJWL+NVPHggA5/NOIJmaxqXba3qfpLTcf5DB21+/iFCU2q2OnIcPDgugMPrNr1+VzwkpNPy6fN/1ZhM/+nhfne21hRhuXF1Bo9HET3/5GI0+EPX58PLtc5gKeXD3ix1UW6SPjHD16jqu3FjD8UkGf/nLPRynawqqqbAHr79pA1jpdN1Jq1pYXEqKFpkjj3dmShhWboJUKoqv7h/rnsc08datFcSnCIEDfvCdL3H75S0kk2YKy8pIPlNDNl/F5oUFPPzsiapWG+emNTVZrzZx95N9LJ1LqRUSnZrC0pWX8OK3nT7IP/2PN0ZkndIIsZyvoVTsIULsZ9dIG4Fw0ERj3oGmCeuNJjJHFaxuLUiQqEqI4/nd6/eQ3c+I0nib2TQAACAASURBVCgzSSLrxS0a6TTIH6QFIWDxo9UyYRg7l8VMFoFQBMm5eaVyvAjTEi5zcCpC4uL6kkN47GnAqV4q6tRJzM+K08qLuIdIUVYzcmUhNKdmpyWILBaKqFWbqBTKIgGubK4izDSt3UW73tGgEY98eoKzfNlu9ySf4F2G8yluf8B0Y30tSNZjtz+9i2AiibmVGVWpVFmTvYJjN8fGHQEN48TP2NdRg5wF8NEI5XxeZVgu2kdfbOPGa5fRqLTRarVkEfDD/+d7eO/f+UCI13ymqOfYbbZx77On+I3fe9vKpWPjKk7sfLUDXziMlXOGNOXAVqVcw/1PnuD2169rjCBzXEdqaVZq4majjoWVaYyPeoJVV6oDJKboqWHoTbrYbj88xOFRHd/8zZdUFaN8g0GAJ9/UbAK7hxUFEk+/i4B3XKfu4WlFBq2tchXTiZAomASEU3s17HcwMRphZjGuhvRxuoliuYVYxI/S/gFWNlKYXZlHsdDWABXfzfL6tILj8XEF3UZbRMjEDA1fx9Fqm0KCY8XhEGEi1kv7s//7L3DzpctYXl/ABMcxKHFij0WTnsDH3/0Z4nNLOH9tTT9/tVrB/U+f4soL53Q6qUoXnsX1950y7//6Hy5rsGrk98uiIJ/vSkrOS5ZPF1MPvL4xUbM5REby3dF+GUsrMZ0S0vWwBErxIrH4JwVdyBbPL0q4qMrsCGJk5Y7y2Li5Dj/LhPy94VDAMuIr+RDnV+YcftZQrrgne0SEBrF+kapYddV0FxDDtVCXPieajBhOZzhCk1HutIhwIoHkwozp/J2yYjFTQKXYRHJ+DvGZmNNbUafGysrq8PLfzTvDQAOUxLBRZs0ym7+2ib+dO88kg08txUQyVwl6jDxcdwiLYASKHVnNM2NN1wuRviASa3om0Gx2sH13H5dvb8jAhdohbrg//6ffxxvffhvRKZZTWdb0oJTN46ff/QK//R98YAAHbsx+D/sPdlGpDXD7zas2fDQ2rlPj84++xMvvvoZAYFILnFokTYBSHEqXYlf4x8Yh+xLj9DYfl0x9+94TPLp/gG//ux+oVyWW8W4WjWYXl26dk1Kbz+1o91jl7Ys3NzHssfzdxtO7uyqXbt047yiyx9EoV5A7LCA+N43EfMIAEFR2e4B7P/sKkfiUTmT2lTjTc3KQw9RMGIlkWMQcfi6muiLFOGKjs5kRla5NjvRnf/oX2NxaU2rIk97aBrz8W6Xuk+/9HNHUMta0pkao1yr46uMdnLu4qBMxtbKAydj88w3yz/6zqyPCkycmwxh5KWvvIzodl8cGO5hcBF46/bAU5+GC7uDJvRPMLUUxk5rRrICstECLgqFSj9JpGedeWDOYsFbWmBbnyU4Wa5fmEaS026GeUB6Rz5XRaHSwusENwlo9SSR9nBzkMeiN4dzllEq+BmEYE36mWmoKPxOfjRopZcgKVAunh0WliXPLhKEZbofrv1Zp4GiviKmZGOaWkvrVM68/R05hXhnuMA3JIH6MedjZZrmS4d+GeQgr23tMTOsEls+tICACoUmo1SCXTIXNPdb6zWud5WNXtsL5GEW1fg+NVh/PHhxj6+qCIrHMacY9+PF3vsT5a+tYWIoa7GDE+fI2fvjnn+KD3/marCfYvBv1SKks4cmjDN7+1k09u8GIqUMddz5/iq0b65idJvyOlBOSWKyPYs0306jROFTyE7BsbvMRu08O8Pj+Ed7/nTeE7uGU5fFeHrVqB1dubTiNwXEc76VVTNm4tOSUXbt4fGdPEpoLNzZVulcPpV5TWjk1m8T8+oyeh9bNGLB//1BpcmplWtBwKnhPDouIJcKYipOZa2asFoSsm26BzU4Ga+han+SzT58hHCFQOy4liKKdzHisef3w44fwBIJYOcfqnRfd7gB3Pt7DzFxc8zJrl9YQnVvD9fecTvp3/tE3RuXTAhr1gVi2lISEkjPwsf5P2xqOrY7bg+OG4Vjt4zu7isLrW6uClEkSJCjcQCXf44dHuPT6NQSCTC0EIEK1WMHu/WdYOrcm5q2agKLl9ZE9SiN7XMD5G1u6H6gzzvz42RGa1R4uvbSli7EMQ8fYv6gif0RDlihmVxZNukCLt2oNh08OBD1e3lox6p6jo2Lz6+GnjxGbjmPj8oaj+nXMRLmNaH4pqIQ5Gbk1eesRuE1K8X/0og4ebaNR7+r7BAhE0AZwxcL25zByOGEaHWVN39jFdIIaH+eLH6LV6eDuz+/iystXEaZPvJOH/eSf/wizayu4cG3dlK8MAJ0O/sX/9mf44Pc+QIQeLM7gT73extFuBucuUUPHzHVMPZ47nz7B/PIsNs7PqwlKlpe5N5mUx+QzTtea3XUN4ZgD7LMnB3jw1QHe/+3XEQr7daIe7qRF379y65yVhsfGcHqQQ7NWw9rWvE4+pqlP7u5oQIqiV1rnMXDw7vDws2eIJmJYu7Bg4G/tVuDkWUbmR9wgTHfZt9p7mlZlbTYVFqVeCg6neUyotolQvVTJamOY9s6DQrGqkyYS8SvrcA1W1WweH8f9X3wBTyCEzSsbmhHirFDuKIN4koNafHYdTARncP1bziX9O//47VE1V0W13BQak4UujPmddGIozpAUj45Ck8qS3YOMFvKNK1yENq4omNv4uKL70eNTLF9cwVScNgBjGI170Gy0cLJ7qplzYi31w6vdPIZcuiCm7ualZXl+MBXhgksf5FCvdHHh5gb8AUsz+KBajQZyJ1n4J4OYX2fkMtkKRz8Pnx1L4EbHJi+TTonr6JvRxuNPnyIQjmD1En/uM+2hIzbkWWef01IuPgiiYhztoGQzdiZx8Z/sHMp3ZGkjpfo6c381R/kyKffmhtEJ4hzxtF5jl8uRwBuy1cj59z5/hmsvXFKhQlZkEx787LsfIZSYwe1XL+ozkyFFo9R/+X/8Od7+rW9gZj7mACM4k89R0REmCOu2WQSVq1ndCsViWFyzk9mdD7cNYhAOc5blxnC82un8NOpj+8E2Pv/4IT74nfcRTxLhOkIhm0etXMfi2qLSNX7ek/207nerF1ZUAuezeXr3CUq5Os7fuAiak0p/0O/j87/8SgBxnix8tiagHMPp7gkK2Zp4zMnZqO6UD+/uIBKPi8VMfrJpt1zpsEOxcWaAzkSRgsaZcth0XK6dt6GYmE2c7uzDH4wiQoNUl5umwgSnZccxlQhhMpjEzd/++9Yo/Nf/6M1R4aSGWrkhmcHA0Rz1B450gzp+ZyaE250d3UKtIw3QxVU6AzkSaqlGeUfpIc3jMRnC9EzE0eLQUHGIbLosF6GVzWl4ORMh6YBHGprDw7JssqZnwkKJUq+UPi6jVuni4pVFNXcMVkwsZVezKzwhFtdTZ6lUvzfCyWFWEujFtZRSA0t3Rqpi7dw/kup4+VzKNEu/rgzWfc50VfbiHDGlfkxL1DSXxcvehAenRwVVRzbOLyMSDVjKRvdcZ4am22kRXizFLp/rsE+NFXddT02/oTrJPfTafdy9e4zrt9fkgiVJi9eDX/z0PoZjPrz+1kWBKuTtPQB+8C9/iQs3NrBxfsZxthWzxBF1OropphSObbt5jvdMkOcKBhUE7DMy1XOmwmwBaoMMkDnN4uBZGpdvXZTVgzJl3ekcBbROXSCfLqNcrGFueQahEDOGPo52TpFmH+PcorrZOq0GA9z5+SONap+n96Ij+eeCpgPZwU4es4txpBa4ocbw5MGhxqSXqErgfclRhlmy5AgZKYESp8feD085ChFFp+FADMWzTnpl6mObcRHeSsajJlPqdHooZWqYjISxtDmPCW8QL/51d2Dqj94j54SoP3toHj/GvfbCRaqQxMJyPM17jI2j0aRj0wBTVIwqwjqzF5Jcd1EuVBAIBhAl40gSZW6QPk73j1DI1HDpxS1VlOwfL5qNhsBuZDclklGremiD5FCm+9LlZQSDnJm3B8WZ8sxBTnnxwsaCo5EyUVwhV1IEIjaUFtY262F0v3sf31OEvnDrAkKcL3C0RLxAGyjP9GVmPu/aT1sKYseKI+cfH0PuJIOT/RxWt9bNrlkKU/tElhubO61JVu2uYIRSvlyLiFzxJJz85Pu/xItvXMfUVFDdXC6yO588lnXc1966YmQUWRkDP/03vxA8+/LNNUON8q7jom8cSwKTi7pqXYf3pZ/F6PumrjU3WpO32d3OfsckIWwWM9Vh4cCFx9kgmHtHM1twIloL2aqaqvQC5EU4ly4jc1rD9PyUmo6GVBrhy59vq2l86ea67rMsGLDp22YvZ6eE2cVpLK7O6F3sb5+i3R5gdSOFUISIIWcEwCHn25gCU2gnQCuIM4txP4krb7WihJtqGanFTEMNZKgna8JZBfke2s0WXvzdP7QT5Ed//K0RRxuF7OODZbTysJphL9md7jOIHCOsqXEtp7Oj2pHymUJUR7cpbKVl1HQaL4gs5+ZQzNSwepF5u8GiGV37HZZhC+i2B4jPJBGghTM9JZotQemoidKs3mBceiK+ZAKm2bmOzCThcUrJBoPo6aVzfp3qYV3QlNaMsP3FQ/0ctEMLx6IW7Z0ZD2dtPwdqy+vcoUy6gz/O6aJzoN2SeI+fg5UVbmqbxHMinL3RMwzqoNPVpVqX9z5HjPk5rK7/i+9/jMsvXUcyNeVgW4fIHJ2gUu1hc2vFRo6pKxv28eSLuwjGklg9v2S+JHqG9g5scRuCRx+NdxelhJaaiO/GapBEni7dw+5e9vfNg94WDX/JGWD6ddXtWRSwql/xtCBMKxuZvOiyQcyxXdrN8dmQdWXS9SGe3juQIoCqhbFx9rmqKJ9mtN4a7QnEU0kkZklgGcfB9iEy6RLOX2F/J3ZWPLGFzf/nFIC0yU2pbJ/T3UtW7eKpJxW3lUicu6EFEKVYQ2YGXWDEe6Hx0Sgwvflb/8A2yA//6N2Rh/QSzd44s+UUDep3rXJAvI5FHxPZmUTcJOlW9eARb8b0tjm4k+3hWuXGJaOTJ8U5cFJHbBSTp2GzXkPu+ETpV2p1URIMjXrqJVuvhDhOGnrSkpqdZruYWyXDPCLsoNX/VWnPFo+pc/nLNA+t6SFR48Nyov6Mc465Q1juYL/lr0464V5KdBo4k4nOuuOGU1XIUf0a9dCk4/rjzt8hWolPpFbMaNY6FInp+OccPc1wEqkZBKPmcsS/RKqLgfDtRSuJYGm3x/4H3bQa0stRH8f/WUBz0w/+JxeljQ4oUpFfx9Jql2AJFgOMPaW7rTvI5Ay6ncHYTDnvDEy5qZhzsTcdhzG+Kpy/n1SRQceSCzvWhiOe1qI473haJ7wa9puoF9KyC/eH4ghErYrkLG+kDzI43M9g89IqkrNxCze6LznPdGTjv2ef2d0ZTnC2DW8VxOfDPM5LIWPm15CwtUJWfzYSnzGgSK+P6x86d5Af/tE3tEGsx+AMu+jkoUqWoGV6wlE27EitRSF0pvE8rELZiKVOFyIitXCej80KzsUIdXbzZcPGkalzNLLTRqNMLz9o/oQRhr0EC2RWzeo0KmjVahiNBxFLzkrw5zwxZ9LQnRXhr7J/4fBxnVTJHpKz0PSAXXSlO7/ujm3akJY7826ZlUWas3Fgd57dhk3QbtSFB9XlmptesnEnK3Ml7ZKZm7/FwYN7SG2eEyLHPaX14vmPKmn8d0MLKTKS+MJJt4GRWbjnO80GiukMBpyL8Xgwu7xgE52c1dBdh8AD5/R3gBYsp/NizUSBpytTWMo8yI6yMYKhVMY6RTh4xMEkj1EnDYXnDJ05z9GYAA4S1vDpNkejQRJj4FrEhqAKGh/wEZBhm6BePBXUIRCb1h2LAUuyemeMl70QlqpZ9WK6bvNFLijOcZZiMcfqvnZSahDGOVF0x2Sgcp6tY2HhHjLNSk0bckjK/YOvRHtfu/GyYgnX3PXfdDbIj/6XD0akuusHcHYlgXC8jNeKBbQ7TYx6PoNVj8YQTdCpaGDQsD6PyRZ8gbDy6oC8CCkv70mtqQEfdjh1kRqTqyuPNBrPE7VD6l+jXES7VhX+hqeKO7nGzcl1wxyVIjx+chot8qUx+IkiMklYNm3auuhTJt6xSgzzXN8knaGcaTTtGyfyu/eEX0sVLKWwnoXK1vxv3rcGQ+el2eJWFHNPJbKDacXc7aHdqMpDhFbC3kBYltTqqDg9AHcjcN5j54svsXz5mmQeJK0YHNBKxzRwIfmReBz+vnvBpJ1du16VNV10elr3FN7DuDwq+QqS80T3e9CqV3QZpnbNH42oETfqtRFKJFDJ0i8yhUa5LrgcP1tT7y4Apn/E8fCuYdJ4jg80MRmO6TnrvZiZvAn6aKQ5yVPYUDxEEAmp5NBmeLfQz08sEzdHz+Zr9PuOZ0rp9EAQutjsvNJx8s+o/iZOyuQGfH58Jn41ockzMxAhgxtPzoh+dr4nvgcSX5hStqsVIXCD0SCa9boqVh7vmKp6+ixebkaPQNwMCqfb+6gVjuVGtfU6HYT9mme/8eH/5NxB/ucPR+TZsg8wGlIaQqnCuBCcpdMM6rUq6qUWfCQRBkKYjIa04CnEq+YKYvLy9+gfkVpZ0YOqlopo1uqiAZKlNaSvB2Uq5arGcYksDU9FxaWlepcvht37XpO4TGJQvWjRdYko0yI1W14RGCk7YNRrN6jdmhLixTvJD9RGt1kTSoYPQbPbsaTzMJ+T9Jx8x5lkdKKfO7TKWZNOA61KWbJuniK9Vhvh6aSVKQmn6BvnScifZh39Hn0cA2IyET7n9Y4jnFxAKM4qGcugv15KHkltXDg6xvTyCsrpI3G5SBgkJ4t5uD8UQqOcQzg5h0Yhg0BoSvKPSvZEEZ0K4fnzFxGKJWS/UDw9RLcFPUsyveqFLLzU0W3vIjozq1SB7zO1dQ6NfAGhRFA20P5gUNBsViJFGxkMsHBuC/V8TtFebN9hB5FEEr1WU+k1swyW5rvNpqQswakkgtG4Nku9mFbBhKpnPuMeF3OrLtWz0SjZBWcQJi/MsLX8vl5SLye9mAz7Uc0WREOcSs0o4HB+xev1iDfGlJRML44HKEUbdpBYXEc4QesKL1r1EjIHezqJsns7mF5aRiQeQnpvH9HkvE5TridZJEx4EIwmhGfNHB7g4O5TpNZm0SoXcP7V12XayhPkxof/0Nkgf/LBSOA0hjJGTdWPSVdsIbuzj/6AEZkm616hNOvVhkpovrAfjXwZwcSUGLu8WMfn5qTlJ0yMdPYAPcll9G7HPxu5VPd2ux0R73pkLNXresGsHDBq8b7jIQWRQLZKTVFQl3RqpRgduxaNQlNTGHaaWryMCq7rEPVTgVhcm88m6JzbifIlJ/XTRc4OX5aA+e+tehHNMmHaZfijCTSrLZ0q8aV5jAb07yOx0Um3Rh60SGDEQFREHv0TkwEMuw34w1w400qHdNq47lR0ycplFbmIFq3mTjA26MAXi6OezcAzGdZdolHIIbG8huL+E4QScyJGpp8+wezaeaUnkRnamvVRzp2gniOQzyNyJSPtJKNfpyvNliU4dIGl5wsLCYzCJfiDU+jUG8geHut9UULCNCq5tIrc3i7C5H4xQgeCSnlLx3tKI5k+UvfGha4Raq8X4fi0ig6V7LE5ATgGSjwFyQXjA+bn9U5GZE7aqRf1/TqdgWgtk4LV9WVgypQqFJuBP+RFZveZUmd+P4o9raI2UFrKuynpl8nFVYSiJLxMIHuwq6DMu2l2/wRrV66i36mqw09QeK/DzTjJ3EkbPpiY1dPZffQEyeQM5jeWkH76GFuvvAaMkc3ME+QfOxvkj94ZeSZ4yePF2sxgmMPzix8+eCKCXmJxTrxaCuKGvRHarbo2DOeymRbQkDK5yO57SHMOdF9VBAhN6oLGlGPY60hYFppKyOuPHNZasaRIEo6bipTfV1Bk9n19E6KMc4Mx0pK81242bDFyQ9ABo9nSJuAiZYTT3WNiQpdQwct0A32+GWzmlUQRrh8rZ6qUMOyhUU6jXipgbDSBYCKFcq6sU4DDV0xfOJPhDxlEjZGO34vz3YNRT8c4U44eEajeAIKRKVX79IzclAxD5A8OtHAZcBpk7zKNSaTkVTgYduX22m00EJqd0aYh1Jtpd+HgBLG5JQTCMUQSCaUTx08ew+cPSfVA9CeFozGmUrkiZldXUUofawNzkbNJyvdklUWSC2lBVxM4jv2aYIhp4STK6RP9OT4PBkPeCVrVmk4nKiwYvX0ia0J3RWYHHK5q1qoIhukjaM/SSPU8MSuaDuWJSwDgoFNXT4naLYpVCeHzkvM7OY5KtoxwYh6hRAyF01MMui19f35fBtTJUFyWeny/tM+bDIf1PRkYSFSkaxhPnFKmjNnlRTRKeURTM6hkTsH+mDfg1/QrV3273UY+k1MZe+PCZcmPjh4/wtrVaxgb74lfdv03nCrWj/7w66NxzyS6vZ6k6SzNxRJRlbrKmQJisylMTFqaxEsWMaNUo5r0xfA1OkJ9VvHiZZpIzgmREr2SKKu8OeC9pKeXLJci2nc1aqKk0LmKUgge0ZIltJt6mTLOJCKUEOhwSEefStJC7jNH5wPj0W29h39rQzhyEevAWlVL+a+b9zilYaaSnUZJKYGGpcJxhOOzYvzyRVARGoonFFW44Knm9RM67fMpDWU6wTvMZGRKi42AbfJ5CZbmn7HxWquuMSDwssxIyIYWf5knHv/Xbdc0ccipujHKM7oDQSFYjWIzkWkQUxzycovHGamZ5zY2EIgRfJ1W+ZsWEswA+O+s2EVi3GAEsg3RbjWcNNDkIKJj9Xgic4NEdF/i8zWjTDPp4b8QI8qNoDn8Zl0BjJuJVbtuo64BJ7KYw/GklZJJoyS/VwpnNuP4y2wUdvXsuTaYYulrqMxKhcE4MjsHRkOcm5XAUWCPjhEcxdZVBcyqblxnvCvx7/Od8EHypGLgJKOXm4rpJdM3nlicHg2G6UBAbvQETp4+Q7XSQmplTTlwIDCOWrEiaY9kTr0urn7wP9oJ8uM/fpcdMWRP8jjeqSGaDGH94qq4t7S1MHsBAxiY5Zo8Acwb3Uo+euDjE44UQM00biCeBE6rnw0d/jsfHMkgatCwr9FFs16S70RsZhH+oDWVBt22LpwsAFAVSpNNRiDnmzuNLgZpg07LUtj1C9FmcURtZ2QSVyNlzTyzZbbKVbdZQadV0f2FJepIYgaTAR79Rn20tMzZYFa4tS/G7+lC5dRvsc/kth2snMKurRUIrEFnhjNWb3cDjElbhpS1qKE1EIJG0iiXDKMV64gmOZtS4+U6JE4yT629uw9RLtXh908YMEJWeRNYv7wlHB8v8k/uP9P8zIVrWxp9Nmizs3VV0rY+yJkoUCAG0zidNVElSiXLi4NXXRSOj3QJn15el+xHz1Z0RrcXZBtRn10NTSfdpUGSNqmDjPJ4cHD3AQKRKBLLC0aK0cHvKK0N0+f0iBztj9P7cfs5bi9IFS2VrY3Wb20RB1bBKts4dHfm+gxPTcmnvd8qAZ4QYjMUsQ7R7/dx5Zv/ndMH+eP3Rvzijz/fxmgsiHDUJ+clPuwhSSQibHAD2AaRdke0bOMyuRgYpWhOns8GnZWf3dKcs8hcWzfrYqlpVytkNDY7u05BYtC0NIzqraqiNS+qLAK43Wnl1i5GRs051VYkOdDJpNKsNbH0cFxWgPOgLDe3r6GqBw11RpyBYHmUiEqzQ+DbltOWNogtCmt62h5hhGW0tQVkXo32rNiQM0sEbgdZCbAH4aA7Kf6kAyxfoosBFcvYQ0iFR/P6krxLOTyhtJKXauF6CG/oj5DPlRBPJhEKhdDvd7B3/wm27+9rXkIbdJz3xiAuv3JD89Z7D/bx5PEh8sUq3v/221hZTZ2xq5z96wQVpxksJM9zRJJV7lzFrJWEOZNTTufgDYaQmJ8TW9itxp1ZKzvRwum9W9lXWikX1uAqi8dx+mTbvMoXUipZ637o4l7lrOWkyrzrOOQZC2IuSNC+i8QQ6tnx71v/xS1jqxDs4fDewCy/WYYfkZ6/i0CMKnP6UZrP4uX3/xt3g3xj1Ki08PFPnsATDWJxNojp6bjoEYQTqJzM8rZ+MKdPorViiEgxn+T/TVWlk3pRpcsFOxqIRG4/OX+4MWvOctUyiA7G0SyX5TIVXZiT+pVml8M+nZD8Sr/0EEQ+sU/v9oxliuNhVcL6Ecx1Ofds9XonkikVswekxqZTJ9dXcTrsPIoHrKrQUN7D3JoPTqJ1c87q9SSFmQyGzlyY+A1YVCjnssqFyX3VIh+NVJbe3zvB1PQUZuemUcqVccqUSJ4qXqRmZrGxRiqI3iRK+ZwuxBFS8v0eVHJlHJ9mEYtOKVXKnuSwdXVL76FBoMPAi2d7R9oc169vKvXJ5XI42q/g8vVVbVrKgHKnOWxeXhPC5/hZHqHpCD6/8wzLqwu4dX3dyunU29H6QjbdPKEcdYTTeT5LS5UhupZ8RjSUU9cACHFRMUV2AhWrmKaPsn6LS7V0F6rWkkNntKhvpf3CSVrDauHElOTq/PP1Rh29wTjCoaAmId3oxCBjbmDkhJlKwqr4Zuapf5NfOrviBF5wQ7DwBHlUmnSHn9fWbzF7jGAkoaIFi0dUHFx+/792Nsgfvj0q56v45adpVJodXFyJIzUbR7dahi/E0q6hGnnBJoqHl1+iSNlxZNmu1eyKhhGOxuxoo7VavY58tiJb6JWN5bOZACpSKdtWdGKu7fGiU6mhWSohNDstM3cO4tA8JjozrVxejSVuPAdFqERFildGWJO0WGTnsWpdaOuQO6cIjULlV+HTQmR5ll/DH47qa6iOz/KwDOzde4rtadblM4dH2N1Nq6S5dWUD4XBIl9ZS+gR7j/cxHgjh4s0rIp1TflJKn+LuV8+kb3r9m68iu38kZWql0UOt3sTiwhy++Vfe1H2icLKHR/d3FYhuvXZTerOj7V18+vEjTNGaetTDwUEGH/6N30C3U8fp7qHSmVyxhPufPsRv/413FQFLpQZ+9r3PsLqaFN3SZj/GcOH6Joq5Iu5/dYSVO7aP1gAAIABJREFUtTiOsxVt5ts3z0kdXCsVNRY8NTuH1IKZcjJ2WAvQySbFrn2OsrRARRvpttzFCD4YjniaQrJ/nrZ2Me5jan5R1TwWYuqVugIpm34i4o9Gmnps1DuYSkypR3ZykFGGMr80q69Trdexd5BHam4WqyspYXArhaIu3dFkXEgkGpRyArE7GCAUjeqirs3spL/FbA7NVgeBSAD5bBVr6wv6OSfGefozCx6gUipodILpHTcJ18Sl99wT5A/fHvV7Yzg8zuPgURrnrywhMTOD9NM9JJd57IQ0JXa0X9TgezwZx4ULy/D5xlGtlkSmoA3Ci69cUm7brLVw+PQAp+kqxieCeOOdW+pj6DDUkI65LzGa8gLdKpfQKKYxtbiqlIJ3j369gVCCUGaWSp+zZRWFqMKUtMXuQXZC2P2H0YkpDYdgeEz6fXSkGmlkdTAaF2q/WSlqM8SSCW3oNl1dsxWEQpyiDKLDkV/2drxjqJZqKByf4uC0jGpnHK+8ehXT8ZBK061qHvl8A+XaENdfvIRgyG8VrnoNxUoT2zt5vPGNF2W1Vqm24PP6US7T3rmDr73zqklMnj1CozXEs8Mi3nr/VcxOh5E5OMTe0wKmp9nroOz8Gd76zbdRrxXxbPsUt167JuXB4y938O7vvCspeL3WwL/4P/8V1jaX1RTj5+MMxYVbl1Gr1vHpzx/KcbbR7WN1awXnL65rBPZ0dx9ffvIM3nAUb7/3MgIBzv3YfcT9x9JHXrns1xmhdWodHQpUx6oaS/yM4pwI7XfrOL73lYbnlq/dlrtVpVDCwZNdNBoDrF9ax8x8XO/nyb1t7O+c4vKtK4hEfDjYPkCt3JTQdDLoQzAWwse/uI9INIbbL13C5ATw9M5jpE+LuPXmS4hPx4VE2r77BIVCXSLUOAWTZ8zgAU6e7aKQLSG5NIf7nz/BS2+9JG0Xpwl1R+n3UC1kMZVasEavlzYao387xeq1gNPTDL762RHO3ZpHLB5GeieHmdU5VQYyxTy++CqHnZM6FmYi+OBrmypjPnp2ii8eZBELTuLb7/MOMY7TgzJqxZrGQavNAV5+ZRPB0AQ8jncf5cYCCBMqx6O6WkWtQLHbvOTgnNUmN0oXJnbhGUuo5RkAfpnJW17PvdZpN/Ui2MBkRGYDsVnvoN0HqjXOO/swNx/FztM0TtPsqrLy1EdqJob5hZg1tHoT2N0vYnLCg43NOTm85vJVxJNBHB0WNIPBn7PencD1y8sYtpso5euIxlh9MtP55EwI+RO6JI10hDPNqff9WF9PiX+Vz5TEouKmPjkp4+ZrN3Dw7BCNel1+5E8Pc7hy7TzmkkEU8wVkT+tY21iUPdruU6ZrBKCNsLNXxOLyNEefWNPBwsqsY7DZw4O7u1g/v6pZeo0f18saieaFt1Jp6e7CuZxwxObvG9W6rOiOj0vYOcjizbduIpWKn1lV6E7l+EJ0uz006jY+TLW11NeHR4ZyYtq4Oo9wLCjUTrtWRnZ/X2TI+a3zbHzhdP8UNbrxpmua2Dt/cQmtehPHO8fY38tg8/Im5mYjqBWrGumusWE84cXs/DROjnLKIpZXZzHstFFIF/H40TFuf+0G5ubjumQf751idzeHqy9d0ogu+2L8+YlXqpyeaMp06fwSvvrVNq6/dgWJuMn3SbNhCb/TKCM+t4jJSFyQ7P5wDFe/+fcsTPzgj98b1csNHOxl8cUXZVy6TFCDF5wRSS1Pa/bio88P8TTTR3swwvlUAO/ensGTZyV8tltHqz/ChfkQPvzGBur1Ju5+mRaVg0gV6rSuv7gO3XmHI0WzWqmC+MwMQpEQOh0+6AwyJxUsrM5rWKZepD/gGOKLKU2odThodZBW5F3fWtEcOu8HrVoVBzvHaLUH2Li4gWAkgMxxGsP+uMY6Tw7TmoY8d3UJT+7vYWc7h8h0DJ7hEPNzCcSinv+fq/eMkTTLssNOZngfkRmR3mfZru6uajM9tnsMx+xSJAWJ+iVAoCQIEASSAuQhQAQhUIREiBRIcEXQAYIIggL0g8SSwHKX6zjsndlx7bt8ZaW3keF9ZBjhnPteZFG12N2ZzMiIL77vvfvuPffcc8TCTc3O43DvTCnAzXvbclD6/JOXWNmcl4rJ2WVVtPnl1QXcvL2GRqmGo4OSZh9m5zLIzs4qDX34qy9QrTaRjIaRzSUxs7KG/MIMLvb38PyzFwjFKY4c1cb4E3/2R3jx6AVKpRqSCZuS3LqziUw8gmqphB//3q+wNF/QKEGpWsXc2gpu3luV9OtwEEQ0SjtuTpRcpxK9AavSK6UWBoca4mQuvG4wStOMQ0GaDz96jDAdbwPTUs28e+8GCnNJE5+7rKsRm87SDLQpg51yuYdmrYbb97ZRLVVxtHuCDMcZrgaY5f3Msht+KeRzNB1Ar90Xj4pqN1xbVOw8v2ggv1DAfCGJw50j9ciuhiMsrK1giWIOVwYx11pt1Jo9aRew9xGLhFE5O0PpsoJ4PI6Dgxruso4addBpNxCNR3F8xKnGNXSomYZpNGoNXV8mE8He02O89vZNFEsdzM0nEItwbY5kQc5MgkkK2xuJmTmVFax73vw1h2L93t/5AUEjVIrn+OKTErZvzyGRS+Hk5SlmCjMSbPjjj06xe9FCvX2Fm3MxfO+DbTx8dIGHB3UV46uFGH79199Cs9nE489PFO25KeLhKN785ut6WK1aHScHhyhfdmTQs3FjWejVyf4xXry4FF/o9TfXdIzyGE/P54U2VM4vcXZYQqXaleDZjTubKtCohHJ4cI5a4wprWyv64i+fHEl4gHq0tfOi8HVOqT17tI/jowpm53OYom5WlMaRTfUuqL7SJlly0MP8is1K//yPd7C2Ma+bW623JUA3vzCLeDyqxmWz0VZaR9iUyhg85crFmjzLKfQ9U8gq9WDTrV68BO0lmC4wpTt+foDb776hZlSt2kGYvKF4BMkcoz3dmNr47d/8KTa2NxCcGqNWqyOVTeOtbz0wxRTqB2smwrxUTJTAOeuOnHy/s1A2Bq23djCIWmY8lSq++OVDpZeUMSXFfHF1HlPjHs72DrH7sohMfh733rmN6sWZvgcLXKrMbN+7oej/5JNHGvDKL+SRW5jH1KCDi+fPxN7NLi9JTJr1R3MQwLNHu4hxZDoYxfrNNUQj03jy+Qv1nahlvHXvpmoghWxSX0ZD9PsG3JP6wcnQvScvsffsUJOs7MfdeH0Dp/vHODu9QCwaRiqdw8adDZwcnKgRWTo/R2Z2Fls3lvDFh7/EW3/iG4inkxJmV6klhnhL+ghsPhJ0ovjcVIDpeRBv/OiveC7Wnxgz6rKz++Wnp0hmY8jNzuDw+ZEi3goLvwBwcV7F0SmbWVN4/9vb6PeGKJWrkohs1we4/962NJ+o/dRpDIRIsB65eX9TrriXp0UVdj1KhE4FsXlzEcXDM7TbbZxRb2oqgs31GWkexWNRwaR0zG23+lo8jUYX7VYbS8ukgbTRaQ8QioUkaxmPJzG/nMXFWQPN9hCpeASRIGntQURiQezuFFGtm7A0S1BqcbHnwVOJcHYqGUUmF0E8ZsITP/vJc+Tnsti+OSfFEi5IEfakTk+SIBXbzQBScKIQOmO9mgySWd0zRaGWsM1g2Pw15WvYhZ4OEDrmoJoNNnHGexyweur8uCaJVgaCXrOL2mUVi1tU3TDxBgr7iTwvONtgzQFPDje556fnjKxpyKMU1oV5G7uAPDempIy+XIQkMVbO6YPelw5VuzXEg/fu4fLsQnC/pgWHV5pZoXMTx29Z4FLZMZpKYdDpoXV5oYZmIpdD9eJSnz2zvIhysSrjzkwmh+wcwZyRphA5N0IZp4zE+GwWw5AqIwIZ6GP1EPstpZOSTodMntI/YQ3mFU8rqj8XVueVUvKUozwTm7ZMvSm0/snv/TE237mP/OIMAgFuO1PMN78RE+QYB6YQS86KajIaxXDvh24m/ff+9nfGbCQdH1Wxt1fD7FxKKoF7z6hvFcPa5jwyM1FZA5ydlfDyYQMPvrYITsxS/bvZGuLoZQmb91alyGfe2UDlsoXL8xpu3F9Ho9zEyyeHCCciOjapvFdYnMHLx3s4PS6rpsjPZ7G8Oq/RTSIRjKQHOye4LHdQWMggFgnKBZXgwPFeEfU6j/YM0rkUsjOzSGUT6meQO8ZIK9FnulqNqMzX0MMiQU0y+lywoahycBZq1H9V2upGBz78nV+IDHn3/k0kk2yAmeg031ce7XydjIPMRsx6IzasJCRIDVXDx0e4sl6h1qZTQxcaTTTPRo7V5NdME3F7OxXkKeI60A5QIoVZjGtuUj4P793Bz1NvTt+NIIgqN01r2vUZNGsNT5vNNoq9pWH8m7P9InYe0iWWzr3A1TCIu2/dRrvZlZIJJ0BTmQjiFNKTgvS1XYH+o9NHs87xEOcvqfoywsLmilFPPM/cNQv9vfDfzcPAHj3TzydsT+dSK0DGIPwJiMBGsf9uBic4RzFLK3mvjp6fabAuM8PAZCZN+idonhtmiHEggGR23tbMVByvff9/slfR/uBs7wKnFz11eLPpIGKxMGqNkQbbqS9LWJfR6eK4iKe/OsEbH2wiMKYDagbNRh+HT46w9fZd5XbEzhitKudlnO4WcfMrN9FvdPHiySEaHSuQl1bzSKaSKJ5dYv/lGeoUAlgtYP3GmhYxac4szM+OLnHMfD8eRmE+g9wcO+1A6bwikWLmuBQSi0SpRWXpg5/XtzjkXIg0SueHqIiV81fs7pugw5SUwm0SkQ/zs493NFNx4+YSUmlSImzWwFvMWRPUDWZxKXIxqylmg2OCm7koBn2OFNnQ0zQZ04blc2HzXmvPBILORFRPzj04ilZ4s1Szg1CPIkgM3yYRXVvM2ZGZl6R2oVssNlXoRo5NjMg1UDVoM7FQpngC83EqGL54+FLi4fFEDLNLi9KpskEre1+mgLaZvfWBNQ3VIXeBg1+A3+3k6Y6i/tJNal1R3cUPrxntxsKMrsqdGP7avSaAd8XyMzne0MgFIz/6q84906Zrb0p7QxcA1JchkZLzOjY94pppJgRB/xpxWMn7IqRNw+4wXvu+64P87v/xzfHZURF9RJFOxlA8K6LT4Kz3ipigTC0CU0wBOGtcw7NPz3D/W5vSimLHk2qAu8+K2H6whUTEbiCRIubkO09LuPtgFcnYNNokqLWvpJUVT0YRYXMqFJBw1+VZGYnUDLIzaVEYpkNDRJIxi6ZDI09OBccYXXXNJ1FdUBOrM+EFc6XynVzrnNoDUH7oh5zUMPT9Dv96M6TkQtEGCQRRrlJdcQrZTEj5sr+j5k7lHq56oo664heHP675RmxmcQ59TAcjpwwjwTiiSQO5bbEvYJZzbhBII8tmb0ayJ8+YIBuyej927Nn7cZ1k9ckc5YcdZwnrWWTla8xQyJAoCl3YYjRnJ+vSmhGoeaGMhMhxopOq+7ycZDotiwmvP+U3pCWP2tmOF+VhdovethFDOHt5IALq/CZ7ITbnb6eXn8i0+27Bxg086XS43hjWlPFjy69sKU1juffRWK1z8HLNWp3y/iRV4PAuVW6mXsHDgoYaOLwjsQSCUQr89TXafe9HTrz6X/31b4wvL9t49qQkDL1U6SAeDeE2lUTInkRATqmh8BCXlzU8+fQU73zrtvF5CMuW63jysIi7b61hNkuPC3M0LZdbePjZKW7ensfcUko2yK1aAx1KVxYKyHJAKhwAh4FofUxyY24+h36TBTDlTzkcxWYiR7xI9LtUD4NcKVKn2SMxuoB12CnjaZQIp2Hl8m1bJLZJ9FInzeNyGlv72ki8yWbqSBE84yUREZqkwbbgXFd5eNVSDTEdYgpmC0nia46LogBGSAc2c8H0yMvWaCP6NEx/6lMiN9OuYGsw+NSIxpJ8iTOe0XYlHcdGn9056SyMLbMzmozvNzFiOeqIW0gmFmBpojk9sUB1qZjcu8w2b5KJvNoXcRHYNppL615Nn5RuTuFs5xCdZgcLm0ua9/C0EDszTJzOaNV+pt42gzaev+UasXUngenbTuSn9Pfu2SnF0u9snkkbX2RQIzfavnUCGnqGVn9MNuN4hGAshXAiJvESgkOv/0nH5v3dv/HB+AphPP/yDL3hQEXq3EIWyxt5oQektNso6RVKlyX89Pef4v0fvmtNmlHXpPV/sSsx5NX1NRfFTVL0/KiCnAqqIIqHR6hX6bUXw/L2NjIzs5pb77ZqqJycIBTNYGZlTmrrbEpFkjk9OEZYMk6Pn+/IRWj9tZvIzdlkoWoD7xA7mVHmwnHUFOXpDu3hYnXsPJt1J+eGioLGD/KaUVphAXNksqam5TOiq/gNwidzxSlHpj1J59fomqDajJNV5BasDbDrPjrZHG9mapw2T7A0FqwpqhgfTIvVTXwam8J4buZ25ZIUz01y0dcOEmMYeMtoi8YmYuG1v0wR0/4Z1811ofX5NjtjQh2ez+ReLbKp1VwW18VvcORV23DVi6J0yqiRHI5xpNvVVe6avaySNoir/exXxo5QoNG94ly7dx32RTvfyxNUfVOT98UJivhiX/w5Z3ntR6Edt84E8+w7KoUWCGP+jVx/937k2Ly/89e/PZ4KRVEvt9Su54WJAxWKYMq5P8nDboria0387MNdvP5gXeLHmqOoNbG/c4G51Rzyc/N2w7QQTbyLS7hVYb/jTJSERCaLubUlKSWykKQnR/OS/P4cIqkoepo/4FQhu7pj08/CFc72z9FvAxuvbSAzS4E1T1R0wg2uk86yWHWy/Z9JimDHrCv8jDM9oXbbwW6LxE4c/trNqWtV2siwZW32vgHq2Sr14WljjFWvimi1AItfQ2JE3RB3zS8si4z6HZ+N/pYPnCPKnBcnlV9kOGNNT5neFFMlLSZSbdwe4MXImcvpB9uXdv7nZBwoDXWs1jHvmT8dDD2bkBInrE7nCWledo714MoWBhnOuYQ4vuD0qHzZZOoPrlgnw8GkdEztxYEE1CP2qa87zUUIEvnUhvXsYDLGhIm/UXjQgpP8FO3YsrrDBT8PPBg+YL6FYiLLE955oou8aBtcHCxDNRz5lu5bATUKeZKSE3j7u65I/+d/5b0xfQebjSuWa3axNL0fsxnFYsyiGvV5Y1HqTlF9PIZ0zizLOIba70OqfqZUYlGAX4xpQb/TQLPUQrN2hVg6bYrscRNSYyecqQJnydN5khXpSNVSo4aiaWLRTvUE2VUuqojGc1jaXkMybZNlKnqdiacQHBeddRtcmOWlsBMrLSRFceOAMdXi3DQbY+QUJXIZxJLUdbIj3S804x7ZTbb3tSLT6goz+XQEJv/ozB5MbGGvNcXN4ApZIU1unzkETOxUCZk52zjWVMqPPenSbYAJhUJJlLsgX2fYDIVpZDmXYKVZDoyY7HM3W+8Xs1eA0ULyU5evnII6lUyt0RYwNzENNN3Cc9/fUDiHZum0sJNFPZohewtXAiMMDvcnnJMa4mJ3yiv2K6untAlEKnWe7O6kp2q/TS8a8GA1phPiGAw0/qvTT7R50+bVWlXKa1mBPUumv/b9gtEAknlS7bnmU7jx/n9te/U3/+e3x7QW7jFqO6KfbJhVZ7IQZlEc0h8SYtWRJPEtlwFLdI30ZDs1DAkyBUYulG6zhF6ThpP2uoWtmxqz7DarKB4eKlXKLS5o0tBgTXK2+P6cbKMfYENDWDyposk0ZpeWNXBkIm82Ban+w8Tz2kVyPR9nVq8H5R6MvoLdzGatjNLxMbr1joaPsgvzjkrt0A5fyDkI1zaHbRAfXQX3avFbsUkqjVJDN6tiAcPXSg7n9yeRYw1bOuN7KAYd2wloaYvNhVj09ieVPAV1NezTeBjXCf1JTfLa1VdB2+fiPiVytZSPyEox3dL1vZIJ3ONOVzs97bMoskA9gVAsjDTTZb+uFd395p3SyCsbwkTKsoUFsaLtuJ5QIu317tvY2e9TKSJK16e7JGS7DdQvzpDMz2twjUZCFBeJ0ZGZ68Ihl/79PF1GdRyflUxhrcYc9uoYdNoIp9hNn1Zjk58RDM9g6+t/3jbIb/1vXxun8mxKOXNNpQMmjGzG8xSvNvTEpMlcIel49jr0tEEsMbZDjMcma1b6abQNHhV3qi9vBn4yZ7xr5xfaNDNLHKx3NGWREF2Di1R6Fk10f3Xm9lGiDcrT+bCcjpeOSltglv676KUc1CRo9HM3LMWbSCmd6tmx5pWDoYjUQmLplEU9q6JdZPKImDOf9AWpe6R8QJy44wnASTQ2RSVdRMWSyblDVRBXUGth+iPEuf1OZtfpw2Ez/Cae7aK3k68xNUFbXB6lY9PLDjXbROxDyedda87UWbzCubsFrmayvouhgFYJWIppUd0+29JK+50V31zWZC2XDw5ROj1DulDAwvaWTnTCpAoSNkaoUYFm5Vx2d6aHm3ezPbZG/P84z2l9Vr/TEcTPGozwMqccY6mkpiEJPLQrJyKFJgvUB46henaopuTc+rboMUa09Gxk+x7MVsqnJ1qPuaUVATycNGzXjjHudJBc2BZ/y77vQIZR236D/M5f/9Y4nrUZaoxt8o9Yuz0Aoi9hBFWoebjTbIu5GJUSaGMY7DrmYItHHSiLQ5KhGwHVkyUayYWjiHktQMw/4cIgRVod6iCVT0h195vU1QcScXapjSBXr7dlyurX0dAtDl2LW2j+t1pcIwm49VptJGcWJIOjqO2lSKXiOJAEj66r39XJlsjlTaXFISRUY2Fk1Dxgv6WR1PEoiBhRNrrHvtrQ8j0JLUK/QdyglZtfUSIluRwr5iWGPRkWskVFFjAfOBeH23LWONOJwa9r38+fdtpoDpywE4kL3SspulRQKJCrvxQAmJaYUqRSEp3AppXG506G8uXBvuZoGHU5ZEbtAnbl/Qbhid6uVVVjktITTaYcG8EsJkxd3qenFtB4X8sn+7ii9BDT+wDtOLqYXVmVCDefQ7tyhmg6g1AshU6jgka1hEAgKlHyMMeDpQPgTiAbPsL53q6EKjjUNbu2IUJip3aJq34D4WgCkcSMajUl11SOn4rh5gfOBvr3/uZ3xxQREG4v/w2ud+erwNkCyr0w3fFng/JDczeyQskKVZ4yVrBaw8yOEPcwlAOa2JxyTbdYfBpBzSPxoTQnzlNjIIEE1gQGppBmza6npYF8D4o0cINwxpm6TGJwqu6iMY3ZcRkAZcUjIyznlSn7QtpH9fQAYYotxOiaaj4V8VQakXjS8XQohWqmoB0OKnX7mplOzJAj1kM8PSshCf7+qlvTz7igaDfMGW1+zvUJYm6wrrR2mQp/a40pB3UJ3u426U+eRqt8qtOVcyuhUAzdVkXCF91GDdPhMCIJLrocrjoNnRLSemo3JaXDTduulgWI8N4x4vrBJWYCkRgVXyjIUJMoA6V2GDmZepjBjhXX0szq97R4mWpzEdkivUSP/SrqVVHMIxYTvYQuurbU6XzVk/oIT2c66jLVYdCQCqXSRq8ZTLjW6ZCNhjh9/kjvQHtwCgRS/ytdmEcik0O/VZVeQVis2ygqZwc6qbk56SOvO8qTwKXefOb9VgOHj5+isLGlk0gC4xy7PTtALJNCJEF5qEnn1aBvRHDrO/+dpVh/8Ld/OKZShdIPFzV0GjjajtT13Ew5IxEFGyTKrDzRwYTsB7gxRwUovbNFSW0kl1+K5KD0iI0jL6RMnduW1FAU4QJjtOsVLahoIqV5FEsDODHIqTyOqkaQyBZ0Y7vthuoUbpAR0QJ+WiAkSUsWk1Rx5KnF9IdHPekxFBCg5hX5/xRXoPgbo1y2sCgrOGpCtWtFLRYWfBRt4/Vw0bEO4mLiDD0fOPW4iDoFowltICp4TCQyVXga2mJBwaMwbqhLkZyayCaifHXVRKt0inhuAeWDx+xeIZmnijsXf00bhN7o0ooKRZDMLqJ6uofkzJIg88rpPlKFVQQQQPnsCEku2lgCl8e7UlDkYo9lMkgXVnVaVs/O0G91kJI3Boesxhh0KdjHbGCMRDolNy/eA5oShcIxtKuXImxmF2mu2tIz4T1lKsTTjvPcFPTrteoaLAvFYpoq5b3i53PgTshdyDYbTxhGfG52/uMgGlM1TR2OKJCR0IJmoOhWL0zaNhjTPagXj1UPp2YX9Nz5fvrbARvNGdU25cN9qdBwA/N+NKtFE744eIbM4gqSM0z5DeBwiTjGU1Hc9EX6H/zGD8aUj2HqMnIjlxqKcVZeyod1uluOL8CQcJ172BbRSUUxuUylBTyNXIdyotPqdHAZ3aVQ4TqxPMKlXtJu6wvSHKVdq+n45luTSCeez4Q6MNDsenJmXvm+8s0g9KCuWrzZ05gO04TFvnQoTGXAEAY91jIcLw3iijpPUhJpKa/lMZtbXEcqO2tGQJxx75GnNUZTvRtaWWdQPz8WBD6k0LFriGm2JRBCLFvQw5x0xVXLXetiGb7PO+kEG3wPTOmPKd03K4eGtE1z9PYUU1NhJGbzaFwcqCDtNeuIpGcxPe2aYLSC6HSRnl9Bs3ImXa9wYgadSg3BCA09R0gWCiju78odWFOV8QSSs/NoVmtKI+PJOGoXR0hmctogDIgcWmPvSYESlDPqIZoMIxKJol2rqI5IzeTQ67QNlh72VDsEQgk9BwoGMr2SfFPEEMRIJIZmuSixCdLs5S/YaeOq08No3Ee6sKQGHbODYY/KKFPS0UrkyLC+UurYrZRFtwnHcwJGWvWyTjHahnPDNauX0sbijBFPNdY95aNDbd5wJI7k3KyCJFUUW5fHyC3fRKpAcXCriCwFIXUmiFsf/A8W5//w7/AE4QUTebJ0hFFXubWjc3gIj3/POXMWVcbzcYkXFwkbddogvidgST93uPaXVXnKr8XlcSIPegensM0+y1WvIRlTzYpfDSznZ9FJVqzq76FkJ1kntckbyqYRmB4pveA8AW8wRc0I8XHj8QFSqogbWnWFUqKuThymZ6p3ePOoZpJITnD6Xqcl9IyqIUTYqNpBzSqa4HQbRXSaVQTDCSQNrHe9AAAgAElEQVQyc0pjKByn+Xu3cSzv991bQodWD7067eYijzYCF8TJ018gM7+JQacmdUnW0JF0Bo3iPoLhOAbtJuIzS+i1iggnsxh22ohm5kXBIX1+0G1iMBijfnaB9PwCBt2uSHhqvMaCiKbMCIenSpFaW0xdaNF9eiT5HMnIRuJSquy2m8bMzawYv27AxVzH6GqEVKEAzySgQSlPEt5bpquS9um35F3PyJWZKziFy2l06lWlOJRRopkoK1j+fa9b18blBiEaRXVL9lp6zYqlZarJzCqB65LqldQpY3OPdSBp8xS2IPzLE5dpaL9V1mnertbUfGaGEIzRqDSMq1ZVYhPse8TTcxPo2dBCAksj3P3+X7YN8uO/++vjUCiuZgyLdIP3bYMwjzZPEFVoWqDC+B3iZbDuK+mDbyxZJeOgWJ9vGvxr3HsqgDjrBCfqTCFjbhAKOEfjWT1UnhoUBjOEiIp3rIk4I8BjmuLaA9EDxpQFvTKVdTbRuKF4Ekg1ZIqFJGcIIhrQIULCNID1D5ER37MxDVhLG/k7RkfKETHicWzUmk7qNuGqVUa/10IomkY4lnI4u4MIDOc2zpYrmmWKI0TNgQqq466pI/I+nJpC5fgZoukFYNS1WmIwlO4Xi3IzyTFPjG7z0pgGQ4ryJdGrlxBNUJerjgGDF3XKOAs+6GlqUUryhOyNa6OI3qq3xFim7hf1p7gpeIoTPSIniZJMUlBkDRoMy/mWaSd7XdxofD1Tc20IDjpR+YYNZrlbVSUOSDSUavw2t8La0tJN1g2sB3kasEbh2KyNU5u+Ma9H2lbUhRaMzt4VAxwloXoKaFSV4SLnvaHCPNVB+V6RRFKbtd+uCvBg+iwxdFdnGBoLRCTux0a0yRVNmpkY6Nru/fCv2gb5N3/vT46np6PodGqYnk5orFV5HDvqqhN808i5FvnGkEsVqG+k5pHwZeuTWBphPCYhHxb7xV2yJh03iDvWuEEGlMuktzejW0w3wOoea6D5jilpL6498Aq3x+BJnjb8JU8c8a1ctLbeDm+AiZRZceiqItdnUCPJGbNYLmp6X3o4Kk69yK4r5qiiTt6Vq9lsARhsyv9smrhE7LgBDSa1lNLB0x5xcoHEjlp+Ro/cAWt+SRXfWLe6nmlj5xpuaH4YAjO52dgQ5OYWeGKAiP7R7oBdedFyrBFiz9N+b9WhvV4MBNcUFFTsekBK+dhkI3o2ZGFukjpSmvGpietwG+XduuBmvOSoM74K9X0c18F2HQ5MOR0tcwJw3DlFc0Pm7Gn55q1dsX1Fn1W4F03EOrhWbVzABsY8AuvWoZIZj6bxZ+ZAwNYDMwS2Jl77wf9qd+nDv/9rOgROXu5jPA4hv7IguUqlQxOpn+vbyRTLo0OCelWU07r42mFprJPIyaoIirU0iwuED8tycf+FTXqFQgBEsZj6XLN0r2kj1kwzDxINLg0HahBRYoYSlubxMIXc0rL8rsW14qkiRW9Gf3+nrTbp942SQCMb+0yDMNt1r0NLKRxjknJxVC5IqIxKnofHur65qyMY6SX38/QF5tfW0W33tFDn1hYw7LVxvn+I5Zu3Jb7tzpkJDGuLxIh6JH+KIuQYytavt82pZuTEQs2WjF/c9nPShIze4Vauaz7aovC9DZ1Cfns5Gr8hffaejNCdZkPK6zwp9GohltYE1f1X0u6pOiagoU9xTr8GqlhmocBg2bV9ZwVM1xRVJuK8E10Qvf7OrHZtrVkg8DWCC3b6QIOJX3W+8vfXB0E/Uen7LhYk+F4GEvFtCbIwret1GyLSso66+0PHxfrx3/2B6unLwzMhTJRlySwsTiKFWI/SFTI3URq7iPb9iquTqZQY7cIcfQwStKaW70NY8e43iLdo1o2meEOzgWa1KplRQnosSCkcl8rnnaeEdXClzEiZ/l4Xh48fo3RSRKYwh0a5qL/bfPAmItGoqYmcnyGWnUF2kaby7iFShrPZwOnhMWqVFhbXVlBYXhD6TH3Xl492NLS/cXMdWeds1KhU8PyLp2h3R9Koys6yk8/HFhC/rF0qotft4vmnLxDNFOTiS6fdRCaBdukCzz5+jDe+9z2kcinHELb6yIp4R+d20Kr1At0cixp0NnshorITqLN6xsGFrtcjTVzfz/DOX0qL+VwsBVKO5XshrigVcdHJJXE19po1lI6OlILMri5bmkXCaK8njS3CqLLxHkNBg2kZvecJM1vEd/mCDie/Lmwz2063Sxf+qZdab4bXbkHHjF0tgDqs3qX3trAtUHgxOIFHE9qNYyB7JsFEeMJ96ARR9GCJ/bxdte8RitozI0Bx9wfeH+Q3fjCmcoeiBgu0Tld6r0RkZC2m6OHMKcdBDOUjwsXGJpP7IkxxHEGQuld6xJ4R69TvxE1yx6edQDZoI+7+cIxauY6Xz48wDkWxeWsZXZIWO10s39hEcJobgrpSlNeMyMuQAtnHz/c1jpqeSYvpS7n9tde2VbQTkm1clDEVTiC/voZojKQ9iof1US+VUb0o4eS8gZn5OaytEyZk87CiEdNKY4D5xQKWVmiJBtRLddkqV2pDzW4vriYlJkDXqOOjU0TCY00e1i7ruCj2sHlnTXMF9LKh7NCzT55h6ytvIZmOokWhvAZHQnuYW5jVd7MV4gIsNwdJo1NDDIY2v6IFHHTpgmpCnyI6OvfY7Co4AkuRZrObtt5CkOY0IaPpy8FJ8q+Eyq8NS80dzFLAK1k0HCEUS2PxFt1oebJRMaaF8kVZVBGz8Q7ixeePcXlyjte+yu9Gmodpnimp5IYXDcjB/No4HrTwDGlboAoISsuMrcACXuBKzLwJTdZpQm5w6axP0R1pcnLCuJSeqbkLzq7LadvSUd1NN8vuy+XBC0SSM0hlchhP0aKhgTvfdxvk//0f3xxXK31Uqh030slG2xTilL+PhyWdoymrK+a5ZJra0TlmTjywPNnmLRzmz9ybsqWUFu0P0a539UW52ZhqMseLxc23ju9lbrpTaDSG+OSLYxyWuijMJTA9HGE+G8ebr69gPOih0ejg5LIFCnpubxWkCH7y8gL1chP5xYzUUNjJJ72eNQ1Fo3nNw2EAM0vziKeiiqInRyc4P7lAIpmU4AMbTtvbi1LB2N05QphDX9NhREJhbN9ZRa97hReP90VYJNq3urWK5c0CYrGYmlk//8OPxCxYzKeRzEQRTs4hM5vB4aPHKJ1VUdhYwNHDF3jj+98127HLSwTCGew9eoSV7XXMra44XpIhcb3WFeIZInMULxhj2Gkp7UvN5yccpV6XHXuYgYxLn1iMMigwPWbKY8Q8Pit23jlQxv4BAQxmJrbomfur+PfGl+MpCQFSemg0CmJuecE0yKYpFt1DpdLRkNysjFaDON4/xfl5GVt3NzCfN0djof4SkbAFKPhfB5k1ii3lcnMdE6s2z2Ozrj3V3QnXpmbSLmMymz9Pn9H0KN9PqZ5x0phViLoiqVebEh2rn2c1sokMWippowSWuVBs++LlHmaWlpSqx2YywLCDW99zNcg/+8tvj9vtKUlcXl2NRTmXk1Q2oygZj0/rdCmd1ZHNZ5BIU50DiugXx2dAMIrFFUrUBFApXqJR72Nxa0ne4WxC7X+5h+5wGtGUyc/PzM1ibnVR+TK1mUqnRXWM47M5fP75AfZPWnJH7dRbmJ9J4v6bK+h3asqJS+UeTvcusL61iK07q9h/sidxidxcVr4P9NXOFWgBUNXhRgPJTCGPbIF+HfQQGeJo9xB73Ahh2hQklEYtLBWkh/Xsyb5Qrlw2qenG+dV59Dp97DzZV0c3m01ibimPRIYarpx/H2Lvyb5GkXPpGApLs4JOKThBRcXDnT0kc1lc7Bzg3X/n13BxyPcfYe3OLex+/LEcnDYe3FPaxWZku1LE2e45tt59B/FECFedjox0Tp7u49YH35INBDH96slLtKptrN9/x2H3FDXoonFximR+UawD9ayu+vIROT+8wMzSgjYu94yNyHL/uMXkuF1ELuniRCWZdqOL1Vvbmkzki5mCXF5U1PNaXCxo0VerNey9PJa8zq3b646DxZrExmM94VcL148P+BzL0+PFivHFvaVQR89fIJlNYXbBTJAsDfOe7q+O1pLc6vwPvVys5n6IYpLhYcLq2p9CKG2j2UYx5jGDaenoDPnVBaRyWSmyMJW79V2navKHv/HDMTunF/sHujnJ2bR2WIbOSoQUex0c75zi5KSt+uTBOzcwnu6jdl5CsdjCRbmHNx5sSBbyZPcYB0ctLG0uYOvmHL2E8fKzl2j1RoilE5prz+SyWNxcxHDQQfWigrODS3T7wPq9ZaVY+/s1bN9ZkUoG/572wpVyTQudlsT7z45VY7zxzjYq5+conVyKpDboNEVNSBdm0agRMqbkfRzJXFpwrtbEiKorLVTLTTXFqIbI/w2TCDfkbAuNX4ZSOuFYMEdOWez32ZUP0PKNtnEGXysqcZNI/I7eJtOIxtiMs0jFg7ZZr+vvn332DDffeRONatVm/bNphEddkJ+ZLOQ0aclGWzg4wv6LU6zc2kY8FkKtXEUoOMLxswOs3L0jzdr+oItOrYTqWRnr9+9PrsdsyOqI0OcxGEAoEFGxeXJ4iGKxieziPN5464ZkgwjHinbuWM1WP/j8HaieXirI3P76VybuvbRPONmlINw0br5xV9G6Wa/h0Udfqt586xtvObDBCmduNgmRO9q6iVHYSWF1iptqdGMKkwnB8QgvPvkU6fws5tZZAzkmtkcifX2mTruxuL2T7SRPFWHbAA/BEyptvJnsK8xhnWTkar1EbnFZypuROF0Jgrj5bTcP8i//2vvjSrmOvZ2SIgsbR2EEEU5EpcVbbrTRrXfRugIa7SFeuzGPwPQVAlc9DMcBHB43sb5BGXnCiWNUWyP0+yPcvZtHODiFi+Oa8t1kNi42L12mZubYFSasOy1tpmqtI7nJ4/Manu/Vsb09j1iQZpJ9ZDMJ9EdT6I2CiEcDCE1zLiWAQiEhsQT2S+TaSmiVeXY0KsaxYFYdw9aP8CmqIS38uR8kou+GkS2FkHtQwYNyLJCZsxPyDnrvdEahkObAtcgo3i1Exs1TTyglVmN9+C/+NV7/1lelq9Xu9LU5k4mwxN+Y4hw+2cHF8SkW15fRaHWwsr2hAPHRT36FO2/eVcc/lZ1B7fxc5i9E0tq1FjbeuAdMs6dDsqfZbEdSSZMv6o9wsnuAK9ZdA2orj/H2e3dMnM2RDuUUzDkN9i888jQmWNFEmUY0a8sIx8lKps99HxcXJT2/rRsbWuhXVJbfO5KG1Z3XtiTbKbLiFF2h2CYYI8Km7aQm5alCKsuUTnD1oTyUK/DHRix2PnssCv3cOu2i7aSjXRz3FjczNRI8m9tE8rgZDK4mKZHej/LGdEW5zV1Zysf/tTTanik//+jpQ6Tm5kXHZ5tjKpDC1jf/K4N5f+uvfW1cLVZweNLC8GqsqMuHky1k0en08OTpJeJs2ydYoAOF2RTq5zXZsEXiQVX+s/kEdp6YiUs2n8CoP8b6zQKC0yOcn1RQvaBxZNzUMaamUVieRe3sHPSDJN+HNUoinUSp2sJ5qY+19TlEWLPQgDIZETrV6dsqTyZjiEbZiXdCBk6W35poDnd1GLflEa8UtD6iiClq46W6bU4p3lO8jdnqqTl+vsFBipLQMZ89IUPXPDdDpHyRqtyXo4cB/Pif/i4efP8DZLN+FuLfzp/Lp2fYf/RCyuZMg/KrK+h3R/jkxz9DOpeRRBLnYOi5R22omUIO8UwO81vrZlJDkYyzU2nUkoVAyU4SULlBGMTMrzyJ+UVzoErm6WcOGaie7x/Iom15Y9FZUhCdusTJziEycwtY3F7TwiNr4cXTl2DZef+d++KQEfB49mwXlXITr795E4l4CI0qRcujaDU76hXNz+XVAlAKWKkoLaUsbSqTlRA4SZ5UymdayilTwvK7D1/If7KwOicOGtdl+ZyZwoyUNUlaZMbAFI5+jdzERDUJNtTOj0WlIdpmIJNNYFLgmqMNlWIda7eXxC0z/uAQFwf7SM5mkZtfRXK2gEAkh82vuXmQ3/tb748blxWUynQqpWr2DI4PypgtzCJXSGHvZQWDQQjxxBTSuRAy2TRKpzXUG1dKT6hhG0uEcXZYRKM5Rr6QsOJ+JiMIlCbzJy+KSMr7fArhWBAz81m0qjW0Gj0dayzGVLP0adM2RiIVk7oiyW78hpEo2cbX45aemu0X+ISNyWNXs/x+ofrJtlcJlH4gSbQA9V4MsnXEZPVZfJvBDSJ5tRDNaDlumt8KzmLN+15Yj8c67h56+elv/xyvf+NtpDO0XGbRy5SPv/cTgGM0Lqvif/F+IBLGNCJolauifFAylQQ7eg82y1QsDIh0GGRfhVZnrQ7Oj/axv3uO8dUIS2sLKCzNq7fUZyqZSiGZScrnb+fxAW7dfw3JRASNShEnOweSGn3nu19DKh3TCVE+PZfoQiCawIPvf1vfh45bTz97LI3er/3wu5hGD+WzMzz8+BFqjR7eePc1pJMhiQUmZ2bV++EJv357S1G9WiwaujWi29WVGMR0wCqfHOPloxdY3FzH4uayelYvPv5MZjrMOrgRyJzY/fwh5jZvmL4yLa0DkA5wKr+sE6Tb6ep7Xu5+gdT8Jl4+O8bGnRvI5tKoly9xfnSO2YUFPP3l57j17htIUjXz+FhkyVA6h/zKIhK0nGBfLJzF1jf+oi2Df/6/vDnulLs4O2vjotqXRXOr0UUiHMHaZl7q4VSBDUyTpUlJ0YgpqA/N/yGi9ojZ/fIopxx+MDKN6RHz8AHarSt025SmZ3E/JakfypmqezsilcGsom0q0I5K/swWrIkvWAfaMHz9zilfGKfdzXEIceaG8HQodvJdR1yvcfQOng5SGLG5CT9P7vvP1oh0m0T9BAGdk5pDVJnJQJUb+/XHjUNx1AwT2dL4WD/+p3+I7QevY2l9zp18HP4xeranxahZyoAgaR7GA/K6KFd/hcGQMwqkxiT8eLyY16wdO7UaXn7xBJm5PMqXFSmhUyAty4Dk7RwE1VPtso/z07pUIwcd6gScIiqppypWNxaRzoRRvWyIF1UvltGqtXGLJjx0tiUcelaVXOqdt16TvXSzXkW5VEOjzjHsNDAYyZwzO5NUukdHZKrJn+5fSNopv7SAcb8pGgrTNwpt087g2RcvNEx1880bSGYSePHJI82PMGDEEgmkZ9PY/exLFDbX0aW3I0LILsyhW7tAem5Zqed4KqyfVXY+RnrxBv7gdz/F7Qd3sLG1gJ1PHiKSymFhYwmPf/pLLN2+jfxcUq6+h0+fIr+5hYXNdTVyiXYFAhnc+MCN3P4//83aOByMonMVwbMd4vgtpOLTWFmdwcIyXYxiUjokY9MgQYrnGm5uC5B0bUZaK/pEy3B5ozGATfCMx53usiBh1wATs9c1lgjLCXY0+zAVwWqUOTxdQ1mczCPfh3/mfcuv5829HpZ1jZ0Om9tY9kfeEcpOAQ9GTnByv8Bd6uULyusaxmj3hpzYScWuurrcjv7vsEizeNO1T+MXv/Mh8mvr2LizxVtnp4jjRHkWqdk8sHqy7jEH1fg5lBIiJ4mfFk0XbLPKmMaoOK1KBZ/8+BciaLKuW9pYQ355RtFS9ZdmqfgcTKWeQYn/vXR8jp3PniKVz6rvRdX2br2sn63c3FJ9QIJkKBrAwbPnZtsciiOazgo4Ke4fu2BGmj5FBqkMrz2CWCygzUfkcP3uOkpnNWmqUbA8iD66nTbSuTialYrsw7t9erSMsH5zCbF4EMfPj3VSy/8jGlFwPXr0BAu3t1RXtqotTX/2GhVk6P1eqqHb7CE1l0fn4ikyy9t49qKM7EwGi8tZnOycYDoYQywVwdku3X3zWFybkUXEyf4pUrmMjGTpusuZlinOpH/g5kH+8V9YGXPuIr00j0q5gxfPLpCOJ7B+ewGpDFm+Nt02HHSVGpC8NhnYkn+46RBpIEhVljo7TjqTf8oHytFY87tTI9RlIOydWKOQ2CM1b9VSld+1bTqvnOHJkjbAb6III3MTcvPver10cCeTUkZhYn/GKVh4wWfxwZhaafDeoR2q5Iyi7ukdnn6hyxLJbaK1I5Tmqk9De846GPdMQi6icjmBA/0hFSkvEOXIKTF29SWIermJSN0S9mtsIWsy15sCDUjQbGPYbSEQiQjqHl05wqeEGTjWOhDMXDovoVJqYn1rGbMLaS0q5v4TsinxfxbMAfNcGfSHKJ2dG4CSySCRTSvtLR4XMbOQ13+ni+zVVQ9nR6eCu5OJJHILbBKOcfRsT6MEsURMTOZMPivLZs16BAI61cgG3nr9tuhAnVZXQYnpEYXHiRZR0JxWGbS8i6dTSKZC8mXhyUUUbWZlHrF0TCDM05/+AvPbW8ivLUuQjoGqdHgsHQFOCtqsTwz1/U+RnN/COJzRd4tEg6o9KFTNHtz5HmdIgli9tSw9YAqWyC6P4tXikzJbSGL7g//WUqx/9OcXx+VLIFXIafdfnNZ0lGdzLiXSdBcbPiaXSbG3FNPkWFBkOEZmqdg5HSWlQXx4lF8hpMjTQERGukLRBN4Vr66jqw3ifBAZ7tRMIj1daZWlbxKIk4+f0RU0n24uapbuC50wmRwrH0zBW11jpVPclK4hJsKjmTwKARHCaYNd+jzH7DQmh3WCVfNwEs2hU8amMOSKxaDpsLlGlklwTBRABHmO7KQR7CiYnrI+xk2yCUyicdwgQ7MU0wVzjn+Aq8aJDSxl6e09xTii+6i/JX6puf0h2u0eDl4cq9hOpnkvjJhIgqd4VGObeCQHiacbTwT6G5IuI5o+IWuyhod0nXXn68CY0cMrzoZzFHuMUDSioNjvdkUd5+Jmikx3Xt/vIAByuHMsJsDq9qrSdD238Ujuu2eHF0jn0sjkEui1uvp+XNy1ck1weiwckklRZiGLRC6tn7341ecamppbXxIsT0b20bMDzCzNIT1rI9PMXiq7XyKUIp+woOE7o7k5WmSAIwVHaHb62H5jW5R6NhZtXY2kG20LK4XtD/572yD/7C/dGR+9bFuQDYbQrPUwv7EgEx1l34ryU6Axp98D0di0qXE7pT4NuovRahGd47cm7EVN1GuCodAiLUTObZgSnienGSmVebmR3+j0qlFbdUFtoVuzZ0LvvGZsarbEZj4s6lshYvQJ93NqK7mOrklxWjd28s83j7iwdFLYGO5EfsbR/Lmh+UBtXpynphEzVW84nSn7c16A1U7GVfOcKy4keonrYnSfOH9j47hOLUa8EDNQHfZrRgaNsKtsC82CkcOhCXUPB5qMPHq+h7n1FaS0QUykWtegE73vJh1ZG9J7sScGNa+fbrnK/XQK2v1jnWniCzzabMKUjAHfO5FUkWoogeaOVGhIB693/9mexAPXaOoTdcrg9Chvt/H0s6eyrNu8vSoWOOnybNAWzypoN2lLHUM6zZQoqlOPwfXk6a6K+8WtNdlOcIPsPdrBzCKbs1mbKZ8eo7L3GFOhDBIz87LUE1wj8T2bXzrfO8fZ0QXuvHtH/SLJrqqQpsV2Vmuc0qM3v+vU3f/FX7k/7g+mUSu2KcWARDyH/FoeiRTNN11aIW0hpkiuNqDqiVfREJ+KGPYr1GxFXocQ6bm7BSnim6NlO5USmy9i/s0HQp0ihlIrfm3NuqLZabva61yzx6lyKCpKx5cbjxHBFeeTdMs2grnQ0k/P0xYsalMIwVrMTHXcjLROEutj8P8LMpzmOKcdA+qteTKgkCwvNmLXxmtnYJFwtbJOpwij70Ny+VBUHHLa1HkWas1azzR1bYOwi83fm7Sq3SvrvfD72oyK1WP9qyEuTy5RWCkgnmAg4hxHEIFwTCoejPSWHpsu2FW7hdrpPsKJNOIznK/PXssNOYTO3tsChkYPPGjiarxJjeb1dnVKmBrmzhePUK/UsPn6HSTTtEWzS+WcyZd//Amu+kPcvH8H6UzS+lnc5B1qoF0psjM1MkE8yxqKL3dROi1j5c4t+RNy5mPn088ws7iE3Pyc+U1iiNLTjzAOJJFdWhONyFICBjsjU9Is9PEvvsQ73/+G9TycvBXvK9nanGjlPMudH/3vdsl/78+tjMehGOr1LvqDERbnKflJPd4pQYSMNlQn4hHKfJaBRp3mKMczzRPQojap1twYfmbBPLBpSOLnFibpkuDYKUypK80TwYlFSEaWSIjlsRKadmIPxvdynQ21N5jKWI0yTTWWax21yVSjTgJuGK9Y4qnTHpV6hROkFNANgCk1UfHtGocSvOb18GS0uQr1YQQ22CCVye1wgVhKxms3uVK3hh3pzhjfrgusKUluSHNW4t9wfoPC1VKDl+K8CZ0ZxdxugJ+74MkqJ9dOCy8fP0f/ago3XltFJEI7aQddT05KG0Bjoc7o2211UD09QTSVQXZxTqmijTU7iroT2rCTmGkd01yzXeZ9FfLI1ElBzOtYGX2cj4c+ldVSHSvba0K1DPizU3b3yS6q5RY2X9uU34gd1E6J0UUafY6670aPpzztye4Zlm5uIkfDV3ATfinTzdl5nhaWyheffY6pYAJZjj3wZPS1rDbKWGTRn/6rn+LrP/oOEmluCKOe8PuHpbfG/s4Vbn7HTRT+47/45jgYT6E/vlKumUlHMOjxhtD8hYNBwn4mKBRz5HBoWjZgtA62PoLTUHIDNx6tsvFbU962It6E6HQHtXlchHI5vY3nOgq4k6zkQ7G5DJfHuig1SUe0Wdzoj0OsjMjm6Z9GDTGN2esUxQta65rc6WSDXLYiTMbI6yt5mNfl/q/QptWRd3pRVqG/otoy6adYGmLph8OtnKKhK0pcrWMpioiGKuKvVRCtienketSXcaIYo6GK61/+/h9hZmkZN9/cnKQOChpszGnx2QwGIzU785Q8utx/iVhmBvNbtyQjaxvE3S/fdH1F39j6GMbN0jNn7u4EqB1q7gLVFM6OL3C0d4b55TmsrNM51tTcKcZwdniOvedHWHcaSaAAACAASURBVN5cwMrWvOf7OpMfqwf0WU5ClHePRqCHL06wuLEoQipT2KPdY6RyaXkj8pmT5nP69AmC0SSyi4ta9H5mROk366yrAT78rT/Cm994gGw2rklVfpdoOoXM3KIOgEAojfWv/Zd2gvzB3/rRWOOd6GPYu1JTRg9DSMyrC19llkZlbQEKk3CSj3y9Kfy5EOd6Dc6zwo2bWqFtZi+S7ueRrV6GR5Bsg3ibMasT/AL2q825k4oganm7KAQOotUiUsvkuovua6lrsprLgVyXQ5/juT6uKWhVvqtnRE3xUdIiuP5Naio3seZOAumE+c6+r4dEuDAUwXOE3F+5vN9P0pnpj8l8+klHl6IqaNiZpKtzcDQtI84PT5HKGlwpqN2qLHd++e9itRX7LY3LU5QOd1HYuIPM3JJ7L9ugNlJtg0kOFnFkQwZEJ/XEd59MhbprcXi4EKaLMvafH4icSts1Uw4x2g9JqmRUs1FIn0dL41x2oPvkWr1OS5e9MY7BVi+rgmTZVOZlNmuc4QhZPawgCOx+9CtEMzMacSBMrEvyoxjKKKbx2//3P8Ub33ob86uUu7UgSJYyuXxkXIdiC1h777+wDfJH/+DXx1QJGVGZ94pzxUah1ginlN0NEbHBJn/z7MFJ1t8n3ISAlQG4tIGLh3I2LBadgJdNFAaV87drTVROz0V7mJmb10jp5PTwiJLXcpUm1qvBygmOaYTTiktbLMabsnXho6xbKp4nZdCYE1N7hT81WXZOstNpdfr5Btsg9k+CeRJVtial1V+akzMkzUsauesQpOyXqjIlS5UmAnK225yKiAlTUHJoYlTjajijil8DC36f6pqIxvig4EZPrZHqZzK8VKnVEt16Ce1aHZlFWkc7JUfXk3pl4ML6XR410+nqoEKmki798X9m28vQqnaDTG3C23HMLhUERLioohONNBVuQGsSu16Y/0Ku7vHBgJtSPRzqJGjk105TL/OqzezucO3sVLPqhI0NCLFT0bYfn800fvKbv4sb77yG/IK5BGvf6BVE7NoIxhew+tZ/Znf6J/+Qog1RjT4LlArE1KCyApARn72qV456ZS5OnFoeFSMTSuAJOjAVEkrO2Eey+jTUSlmVPDwgQYTy6SkwCiI9X0AyM6PXaMi+SziSU4xX0sWi+IAWp/NCNyjWRXB3gviZCOuKW10jhQrX8TYqimPheizXnVUTmorfIK6Y0Timm3nW8n11g0j13qwECJ7rRmp00yKhgouvPohw+cv19YD2k8VMP19t0drSOj4I3nObY7DU1E45153/tx66LQLrGVkktydr70P4mu/VaZS1wBKZWRXsDG4kejJy2kHqUkB/MmkM+kq1R4BK//73nkrjmLmvTvPpOtQb62vCs3p+If9CulX5emByv3W/vAC283TxjNIhCZ1D6Z8x7ebm4KbjSclHwunNWDorlEoUH5mbmoC1LWIKerDNMCVjID0PB9hwg5TPLpDIJIVe6Z5ehz4hqcHYHFYe/Dm7jT/9h39qrFwtQPEEczGihlS7XtfUG2/A4GqMwsqKUwHRUjcs3Q3Gcwy3U6MPeVyCCyQtTlIUqZdYX4L5OtMHak21alXMrmwKaRA6JnjtSqO2lJ/hZqPEZDJXcLIvvjZwkOkrX8tKGD9O6nNYY+16FMxxViY0EjejZgjNJHvzha0/dexE9Bvs1XFSz7lSKqqP5GyCg6+1aRwk7SOXbR2rpRzYYOm75fFivEqUwYx4dFpr3JaSmDaq6jfT/z8q2sYwf0Nd+Svfh6hdq3qhZ0oVfTb1cotMedxr/eCUEwf0MK/VLdYYMnjd94hsw1p33iYIfV/IrmOE2sUxui1qU1H1JY5oIu70hs37hNfXbVAWiNw8epb7DWKnPvtEHPHlBpHuseqyK1TPz9GpNdDrjzG3sSrEiXQnKjdSecU2uYmHs79iwAfTJ66x68DuFfkNQnF1oUxObT4mEJ7Dytv/kdsgf//XxoQCNSI7Gks2pn5+biJrgTDajbbgSKrvJbM2rTfg5Fmzpk+PJ9ixnEa3XkU0k0Wv1UM8S0makTzRGa34XmxKcWKLxyKP9tRsHsFYVF+E+yc9NysIli5S9CrnqRbP5TVUNIneUk8x0Tm/ASeVhhaF12T1kjpeJd2tGCFVbqJtcur6YR6XtrlIbcUqP8bBtprx8JvF6AC2ydzEnDbIwCSA1AT1XiBOIWSii2vX4g4VV5w7YWxnAKO+hQACBy4IXnVZulLKa5GFSY2gkVW/kC1I8O8ZdNr1khZSq1JWepgqLGiUoFW7nPioU+5U0kDsaYVj0gwLhGISM+ApEkvPKP0gJN/v9i1TCEclqUSJVp5+/BlVMRuVC22MZJbBjU1jQtpdXTe1c3nbBtQwcwGMwnSkeFBAgxtBQEKnq/9MlI09DjZD+TkkbA7H0xh0ubYi2nySi2WvLhxBv1nSNzeKzRCUk0rOLiASp0sv5Wdp6x2VyB75g5SS5XivhDv0VMg4mMHK2+4E+fD//GAcTmQ11ceV2m610Los6SaZyBrU6se4r+OYN73TboHCaizMC+tbGA+6Kvy4uTr1DrILi1rknOXme8iLLxRCeiZrxpbjaeSWFlEvUvm7L32m9Pwsus2Kxk4J2SWys5KjZKpnM9YW1dVsFOZtBafLD9wp4NI6OU/ZSTcZ77Q/14PUBvN1NcOM9oDfan7xuw3ix1FdnWGvdGOcLgq7WlJ+I6pJ5Mzl/t4hdLahrI9xbV+mI8T2+kRLywOpBp2TlaAo51M8h2S5j7ZMSl185xU4OT6cxA9TEz6bXlcLonF5LhYwSaWtWlnPc9BtI5Vf0AYf9pvq2mu6sNPRaR5PZxDLzqJTu0AomhB/iqdbPJWRFFCjUpZWMvP+i4Md2TBzjIHBTBMO7CM5AxsFmcA04jk+75aYvr0uhd9srIEddD5MUmF6vQZmlnhSuLptCtqwLL4vdnd1coSTrH3N2jmSSKFxfoBwMod4dlbawKQf5Za3NOxGsTkSL4m+dRsNUX4oGUstLSo7+hgUDGew8vZ/Ynfy3/ztb46pYEGRav6E+V23XkcwkkC7UUUgnBK6NR730Kw1dVO6TUo+mqBYbnlFtGMW4o1L+lgHpExC/j85M3yw9AZJatYX6LZ6mnuYCg4w7DKFm0IqN6uOarNSFOxGf8J4esaOX0GuJh1k6ZIzs3TSMxP5oEkV/GpO6afRrnsolse7xeuKSs3n+vxXJ4Z7jYoPNwTla5RJnu+6xw5JsrTT++KZEojf1PYf7T0n/7RxXMNT7GReo1vovEalWK+Ulzr5fK3gayK7bqU6ej8LCn6ze9iadgWXh7sKLAxsfMZUZGeBzDogGqPYWl9RnvUDVQhZlNbOT7VwtFFDFHRg553gBE+BkAJbu3YpnhMLYnKzOs0WWvWqxPZ4onA4jBOf4XAQlYuSLi2WjICOAvKsbDSl7Ts9Zcr+jVJFG5OnRiSb0RisQeQjvZ7NxHQ2jtLhmWqPUJTQfF9rhIr3ZDen84sIJbhZX2Bx6zbSc0u4PHqJRCqNq14NrVpFG5pACIXqGNCyCysSw6NoYTCcfmWD/Mb3xtFUzCwMnN92v8VGCIvpptQeKidnCMTM3piqFhItHrK7HFR0kqVBIIB2xYSVxa2JRjU1Rh2tQZ8PsYfzg2MEgynMrhTQb9pxz5tH3dZW5VKLKDE7rwdEWr0cghzUaW6wr/Qj3Ibx+atFZr8kLd/0tYnvH/jk3PdtfE1hOY8NT+mI9TKhKpo95OkXn+soT4p9N66o+sHYihNkyyXulgY5xMsVst5d1d7Gi14YrKzPlEwP0Tvy3cxWQpvOFcmeRKrXu7FV+zhvFWeRm8yARvEUjXIZ+eVVvSebZfwd1c5ZiPOEYHRlzm8e79bfosB3Ip3RwqHqJRXUmc9TrIIRW8qNtbJOFaFUNNbp9NBrc8Ow5xVUikeeldKaWgfRBN1zTYuK64mQL2VP5QPTpxLiQBrNEqWWXi9TrQHCoQjO9k6QKuQRnDL/kEgyofS+fnGCCLlcpQvk5tdx1etKZJybPzu/pNbFwaNfadPGElGcvniMUCSpWRIuMYJD/BeMhpFIFxCK5q9TLBbp0lUT9BnEiNKRzbap6AUD4tHTFm1KpDSDA2UXJl+MoY5tygVxg1H+k7mcPEHCJjkzYLEnEbcumtWGOFb0Qsewb5uMiNeIMvW8UXHEMrPOvdZ4XZZWGTJlC9tzrq4j+wS5eaVHYM07W1AeBbK63qNZPuK6XeVIk1ZEOsTImdN49MgWn5swnKjZe4jKZke0QV4hPE4WrVIsZ4Cj1zncWrI+VsBPcAc1SrhBOHtiAIehgK4PollyB1W/aqQ5OUX86WXzLhS0YLQk8qPEjfbUfEbqE5A9bYNMKsaFIBr7gXm9nYTszfBvzLtFXn+MBWIbE+niMzEEjRmAugGi75hqCn9J+U+1S1XrUsmGbIQp1RWqtvyJq/ehk1TX1hXTvqGNVTcqVfSvrlA/O8Pi9rYEtJnl0DKCNVazVsPc+g2BRwSeVFsQRp4KCMVjNkPkqlWt6D+ztCAJl9d9ufcEMytbQtuC0TxW3/lP7Yp++Y/+NDnTZn0wDmMUDKqwYX4YCEaRnM1b8aJn6GgVzMFdN1ez2KRgiHxkjlS0BXNie5NaQWWja0BpXphIQ6crvweJRjsDS9YsjELMRzkrrQEpLS6X+oh86OQzfdIoaNON3LpGlzVO+KmetOdhUtdLcM0pS918o4usVUNPRH5z73mdItkJY+6wrv/hOuOTU8rxuqzVYddlhDmf+tlGMd0o27AGR/OEYbJt9Hxj+ToI2XXUJcYnJMyBEZOOukvc3Ly9/TdLS0SUNAqxBLHttLRBM6uTeC0kiTpmsXeckrK7gaevZJfug7wU6ysuty7AuI7GdW9jAqdbeum7+ragnFmn8kPWhUbZkRADAQ/+rX5nQ24MxtXiBYb9EWYWClKt7La7sl7rUOg6khD4I1rMNYjuvpvX7HLiDR5ddLHk5OHPMH/rLdN0Ds9g7SuuD/LRP/4z41Gfu55ulwb3lk9OcLpzIdPN5TvbiMbMsNMimbs5IoAZX8YWoesD+CivWQ1b2J5wxo3jZ8lJULs8PkHlrITVu1uIMRecCggFaZZrssoiquEpJvawNaI0MeCxO2gRzrunagnrdBtbb8cX4c60XovLG0TqxWb+yb6LwdbXi9pOoWu3JuOb2QYhhUb3VjPq1mcRidJRMUZTY9RLJkZhpYMVFLZMHApFwiGjuO6QuXtN8K0pms04ciI76Izm4qeZTbVYaqrDTGzcGMV8D9+HIbvVqcprA15bS7tVPmm6Wc/IlpSdxo45YKiCi+7Xp59XqLfUznfWvUWFr++u1UMIWfNEKF0UEY3FNI7t5UuthrLP1D10PQ+7twyiLXmUcC1S9oiOXyZMPo3q6T6mQwm1HyiblMyRdGmyVAw0fKacRQkGvbSsPevrOR+v/TvC6eOPsHjngcrCEPsg/gT56J/82TGNZ9iEocvtYDiF06cvgFBaaERuvqARTP4LUdUjQBkVeyAaNhoGDFZzcwm2hfwYrIkum+SLPUAqXfAf93Px+Bzl8wY2764hxk04FZStQL1CDS6Kw5mOrzX+jBzpRal9PWFplOfMugacu8l+YMROIHvAYgtrBsIsB/TepDK0mFbSKCZpqvBk1g4GqBZLcp6i6ME1Pd7UUnzUNYKBF86zyE8c//Mff4J777+DaJRInKONuJOBfF4ucqUcwiQ9hu9SSuf7bs0+w+ivcQhuStdUFLnRBaspEg55n1gf+E3p7dlcA9F4F/punUZbfoM2iUkNABvxoRcI0y+mIxTlYG6uk4jcKxkoXQdFm71xvRAtdHdCT+qladSqTTx7vIvnj3dx484a7r9DnWKqJrpTxVF9CMHbGW0oIWvXo2fP8PzJLtbu3sbW7S0RZS0dG6FZKmpojacNaxuJ5oXZNyKFvo+TF89Ruyxh9c49yQhZLHUbd5J9cFavjeLec8xt3rF1Hl/AyjsOxfrVP/kPxqMrUp8vcXxYRac3pcm0iDwc+pLUnB4MpCubSY4RZ7kxHZFdgrE8bBbDk+GUw4/Yr3A31Ma0JnMR0wGOvVpWUS3XUS93sHxzXRKdLDyZT9ZLRCLyiKVipsUrxyPTofJpgX9Pf0MtVzb8u1os4/ToBIlsAourS5o4Yx5bPitif/cY2XweW7e3EXEbsFkt4/jpHqYCUUmXxtPmo1E+PsLTjx5jfmsDm6/fRpgwt3vwk0J/IsRsdBgdsLRIaNfxs9/8Q7zzp76PeJpTfNfaUwZRG11FlIlXKOW+ZpnWPIrN9VvaaumGSXn6b235sy1w7mmb/TAWgKfgMB32J6NPo0wsvNto4qpN9REz/eRI/KA7RCzN72lddnbCOfbqkz0pyI+MdGgb23SpvFOtpZQ27MZx7Ga1jo9+9Ry//Gxf3Kn3338D7339FkJcF65OkfWexhxcCsvRXcnRNqX19XLnCLmFRaxvFhANWWBWbjIcaIMzsJntHalR5vtYPCnj4PE+er0O7rz7GmbnZ8y+mhSeAE9afmeTiiIE3ixTBXNThXssu4lVv0F+9n/96XFgaoB+6wqV2pWid38whVguhUGzg1gqjFapgrmNbcTCNJH3g0DGyxmPHB/KT8uJfm+kMAEbKrAJJzI6DZTFEf3iTa5XKqgX65jf2kQoSvYq1TNqqJwWkczlkaE8zSu5u0KAjk+Xl9Kj0FEWJHc5HuH89BKffPQCB/slbG4t4CvvbSAcCWH3xRmePD7BRamB7RsL+Np7d5BKhdDvduTVVys10O5MYWF9Dol4TOY5LEL3n5+IHbq0Oa/Z/Hjc2TcoLXFWCjqprSMul0U2RoddfPFvnuLuV+8imTaqBlMxulMRaJAzlXhNxl6U1QLvC883Qe6c+jPFxKt+UBKo+cW0HH450ceek4rocERzDbwnPP2JAvG+GWuamrod3ecMA07SRLetb2KTglaOGMdOabawAYfm0QI8FFGwu4aPXfpK1kO3herZqdKY3OIKwtGISIXl06IWLSVfORb98c8/x8NHe+g1O3jvW+/gwVcp+kAnsSpqxaIYxZzx4KnMyF8rnqNcrOFw7wKJRBjF00us3LqN7dc2wD4j/UC4luJJm3rlRqXsz6BnI9CXBwd48fEOGlU6iQVx/9vvIb9CwYyRBsvIWxPFxmXo7cqFsop0IYdocg7x3A2svee5WH/v18aRqElVtjtDFA/PJOkTm0kiysI9NIXaWQmFtXXEuIg5RDRg1ONDMn0ozT44mjb12ziAz2ifiBGeNPp2pdpFqdiSmkRhjnbL0Exys9REei6PWIKLYox2u4PaRR2RSFKau/ILrLfQbdmXT2Tjmi1mUlWvNHF8zM7pNJZX8wiGpvHZF0f4xRenaDRHuLNdwHe+uYnx4Ao//9Ue9o7M4ejG1gK+8dW7SCWnUbu4VGTpdPqoVXtY2V4WAHH08siYA8xJIzFFG554m7dXFHEpjxRhZNXC970TB7NSdnM8wC9/60PcfOcNJ6FJS7Qejp4/V/d5bn3TBM8wQq/RwPneHhZu3naLEeoON8s0D+0CoRT2qe/7zfsYD9u43DtBKJEzralGHxu3V1A83MVwGMLleQ1vffAOBr0WikfnqBZruBoFsLS1iGhkrE3CjV8p1VGt9iVTuryR1+nI2o2nSr83QpzSs0nOUxiJlSk4szMZDRHpbLfRa1dROTvDYBDG0o0t9PtXONg5wunhhTSvbj+4gdxcTlpZlHY9enGMueVFrN1aQ6dWFuWofFpCIJLByq0NhKMB9BplXB4dodUeoVzrSqi8ThX+7TWsbS9LjrV2WVGWsXLrBjJzWbE9XjzckWLmO998E93qpcQZuLk5wbhx/zXMLhRE86+el3F6cILF7U3MzBekZt9tlJHOz0u7DQghlFjF9rf+gmEzH/7Gd8axNJ1d+zh6cYrjgxaOL7rCmBfnzEGIWkyFhRxmZ3mEjbVTK8UWelcsHKcwt8zdP41SqYyd5xX0rsbYWJvFxg1quI5weVbHp58eo9y4wpv3VvD6gw1F43atgcpZWbKks4sFLRi6p57vU0MpiDWKRzcpP9PEgFG018WQ3JpwCLNzM/jysxf4/MtDCVF/6/03sLSWxxdf7OOPfraDWq2D1++u4nvffRPh8BQ+/ngHlxct5GaTSMUjuHPvBtKZKI6e7mhTRqIxDffrQcVCOHxxpCYXtX4pVsajudnoIhwe4+Evn+L2u29icW0OwQCjdk9wpyyIeVuZskwBn/z2H2Lx1h0sbrH/QAuyEi4OzrD38BkefO/bSEtoe4Dq2T6++PAj5FY3EUtl0eu3cffB63j0k4+wdf8tOUftfPwU7/76d7Dz8UcYDQOyeTjfe47yZReF+aQ8B+lt8eKLXXzw7/86SqcHOHi6i5mFBQWicCiIy5Mj3H//XZSLF/jyV0/QaA10/e+9/xZm8lmd3ny27UZfKCJFE3rtCrq1ilI9Ov3SfZgCEsdPn0szmZE8FKWkzgYOn+3i8188UjBZWV/Ea1+9j/zKvE5D9sa+/NmnsnOOxyMonTAA8USbRr3Ww4xSIGodRFE7OVXQi+Wykog63j1HJBlHNDTG5XFRwbR0Vsba7RsYjLp4+eICh4dF9PtD/PBPfQ2ZOE1cO+qlXByeI7swq3lz6k9HY2PUSn2EkynMLxfQvDxHVzJEq5hdWpB7cCC+hq2v/+e2QX78N781js/QMGeI2nkVzc4Ijx8fIzAdw2v313VEUm07kUgimU0iHA+iXqRH30DdStJJlm8siQz38c+f4OmLlpyV3n13FXfvr6DRbOMXP3uJx48vtSnee2sLb3/9liYUqa17+OJY+eOdt28KtSGWTVuDqUAcS9tLsikWDWbM9Is2x6RJGDfnFz97juf7dWTSYXz96zdw4+6irMVOjksonlcRDgZx49YaMtmoBAE4lkr0rMYNPzcjqRuRMumHOByjWWlhdmEGiUxMUDPzbNYpPCks5RnL0PJg5xzzK3kN6/RbbVQuKmjWWli8sYAUPefJf6rVcfLkVA9i+dYyOi1K03R0Gh082sX89hoW1go4efoSwWgQxeMqqpUe5jZXpDD57le38OSXLzEdS2N2Lozj52e4/83Xcfx8F6ViFzMLc2h3KkLWM7EgLi+6yORTmpl479fewdHLc5zuVbC4sYx2vYhMLq06jx3szz5+gt29C4wGY8RiYXz9/QdISrjvSqlOo1iVLlV+eR7FI4qr9ZCeSYm6EY5T2WReFgkksbIRyUJ5bn1N7N39RzuIhkIyDZ3bWsXcBl1kDdb+5e9/KH/J/HweB0+eKR3jPSysrkl88HJ3VygnTyfyxea3N6U48vTTx7KiS6UjOHj6EqP+AM1KHbe+8gbKFyV88tGuDfcNevjBv/tdrKzNKbAPR30cfPYQmfkFrbdPfvIrkTrJKi8sr+LG61tqkNIwlswCKq0wnQ4kNrH5nivSf/9vfDDmcRqKp9FvVHB2eISXu2U0GwPce3sTiXgAR4+O0OuyHZ9Fdi6B071TkdEC4Wk0i3UsbebQqPXws58fotkLIpEM49ZGBhs38jg5reHDXxyAnMS52QRe25zFjVs87rpoVRqKHu32ELdeXxEFolSsmskMgphdLqDbvkKfaRuh6OEAcyuzSKZieigX5x3UWkMMuw3kCzEsbxQQmh5rpPTyooxyqYOFpSXkOdapviOjVQtnR2UUFgrIL84YRDwVQKtRx/nuGWYW88gUZsQjckQnJ9BgkC57ZFR/DAQGqJcqmq3mDd/5/DE237wjRcNu/UJFa6sywPnhGW68cxf1yyLO9k6RSJI+E5Q6R24+gy9//BMEAjFMhak5lcPc2hy63SvMFhJo1vvo9TjuPMLjnz/E2997V5YFFNZg0d9uUDHwAnffvodGraV07OXDZ3j/z3wbtUpHJzdn6fudJlKZOBZWZtFu9/H8+Ql294oq+tmVvnlrBZlUDJViTScK4axkLoP88izK5zWpJTJQDHtNBCIhLG2t6tQkcsdUp1muY3ZlAeFIAL02xSA6oFpnMp9FfnV+MvL86Y8/Vq22eW9LKVuv21NDOZOb0T2+PDpW+seNE0kmkVs0av6zL/bQH05hdT2vNUC0bf/JLuY3lxGLhXC0XxR/7/KkiOXtNWzdWkYkyoYmZEPBGidbyODitKRsgSBRbnYWs4X0pJnM4Czvy+kIQskNbL73H9sJ8i//6gfjzNwcpmNxVE528OyTPdR6kDZsaiaCjY00Srt1lMtdbNxZQjqfRPG4pp4hWe2NcgtLa1kMhgGcFClgHUQ4OERoNEJhZQ71Vgc7exWp1lGQLjIeIb+UxdnBCQ5flpWPp9IJbN9bQ+WijGcPD7UJllfnkZ2f1SIdXNHcpo5WvY75tSVJlcqueWgWBKRBs+ifW1vUA2YBenle1EaYX17CwgpZpQYp1isNnBxcorA8j8LirKE/U1N67+OdY+QW89K+tX6JITWeSWumKzxJptDvdfDwlw81YLa4toSznZdYWF/WjELtsqi0jODR6csDbLyxPQElAtOcXEuot8T0oXR2gVAko/oqmuG0nJmNTlMIms3T6RA67TY+/def4P73voJ0hgRB9mCmUbk4wfOHh/jqD7+ltKZVqeHnv/0hvv8f/nvyHKTCPSnuLJoJXS/fWBSowU3SrBPivULx+FDP5sZr2+g0zciT9QHncFZubAjqZzDiNVWOj0Tj2HrrTeumTw1RPjlH9bSM2eUl6QoTMqfd8+UBNXLzKKwtGudsagqff/ip7OluvXMXqSxVc9z8jOujMUDyflc4K4QpZOZ46oXw/Mt9lEpt3Lq3itxsWgHm5efPNRM/vzZj6OF4CgfPj1GpN3HvwQ0V93y2J893xUgorPNUCWJA8ewhAxwBJ/ZKrKdCtCKRW8BUKI1AfAGbX3Fs3n/+lx6MOZ44HYmhdr6L3c9OkF5bUgG8++ICuZkICjmS4Oo+bAAAIABJREFUD4PYuMcoEUSvM8CIyhxXHVwcXGJ5a0GWBFecHiSe3u+gVWlidpW5N+uKK+1aigs0L5sorC/qRtUq7FoHkEhGpZXKznq91JR9WSqbcLCqLdJ6uYHLk7JqgswsVTIM5mPjqHJelrof/SQCQoVGskw4Oa4iV0hjboGUecP/GWnPT+rIF3LI5ZOmwxUIoNvp43iviBmmXnP/H1fvFWzplZ2HfSfnfO45N+cOtyPQ3UADaACDCcQkchhEUhJFl0s2i3RJ9quf9OQqPThoVLYYHcrlkoolj0VanMQJmBnkDDQ6h5vzyTlH17fW/m+3DNYQwO2LE/a/99orfIEWEIYubPjsAncRfS8eMzUIymUayOdaghglvzk9S+/wDnYf7ko3aWIqjWjSh2BMFUWEpDTsSevSNiZsfwS7NySwcdpHqDaXUm4V36hdQsrn3Pn4Ic5eOY1YOKCo29EYhXwWO5sVXL1xQVQCW/Uabr59B5dfVjcrdtfp+VI4LAnObnY1pSaqhIZQfrrbx+HmAeq1Aa68yiHZQFTc6Q9CA525NTpMKaaLpKvM1g6a9TrOXL+uZKfRSA4IBbV5QBJTCUml2pU8cts78MUmJE1SMOUQDz68Ixq6q1QziYVM618REDLpYvt4PEJmY0Pa1ImZlLTodx/voVbrYmF1GuFIQLp3B483UC7XsHh2RVRTOMA53D7EvVsbeP615xCOkhk7QKtSw8jmMiMDBlUOxVU5RsGcHEewFU7hBt7kYcA7gaWrf6iP+gf/4uI4sTgHm8uD0sEuHn9xJFcbjVP2d5s4LrRx9kwSIb9fUqdAgPq8nI67pPNzuFXC1GIS/qAxKCFit8X+dwPx2Qm4RddIEaeNWhvVfAPpRUZ0HXup+6tRNzGcbc5ZhJ4r01/dmPT8yB7WJLonJ7mB1WaMnRdSO5n2pOanpe7gYlfLFexsHCGeTmBuZVa6NYxYlUIB+5tZ8SacnCPVV+cGnWYHm3e3xGhmcp45q8UhNxNrC2auiCJ5qOQl0L6B7k70BuEQSzgttabI1xAd4A1Q11hFKvhgSvub6FbJnUkiEJ+QolANTy1hOWugx6/HjWUXb8DP3vwEZ69dRiqtaSFzvUqhiM8/uIeXv/kyPG67dGw+f+MDTJ06hYUzc3LYePtmd47QbnZF0EEBMDqUHPZ6ONrmTZ7DC7/2PMZiG9dHKVPCYGDD9AqNjvjsFGmb2z1Eo9bEqat6mLgGROge72ZEaWRqPql4rF4Hue1d2FxupFYWlDczIv+EPucESQYEK2UZgo7ZebHAojY7MpvbsiesFItpG+ciXr9bRwdjGwrZnKRWC6eWBN3LdKJWqeCDtx/huVcuIRZXFzNLQ0wGu8bYRx2ELa6QwuB4sztcdAiLw+GbxsI1Q5j68b+4OI4uKcOslMvizqdHSKXoyhRCo97D4VEFS6en4fWo1KfXQz9qTTV4QPYfZcTNlVFdYCRjooD7qBRKkpd6fRSB4M1CV9oaCodFTJ+ely8r4g8nYELFV8kATlh0BkIiREG2dGs42smKW9T0Ijsj3PC8IkcoHOyj2xlgcnlBZh78Lym1nznIy0Q+NZsyA74hWvU6yoWm/DxMcTwzWWXEZyHPdINTc6q3PC09qlJc5lZhe9vgvBjxLO0oQcoTOWC0u0R0Tyybdbo97DREKKGWy2Hq7EUEohPSioRRAHQ6fWbgShVIw4Gn10avhU9/9SkWzp/F7OKMBhWMpSHx1g9/gdd++5vwB90iD3r7V+9i6HTj+uuvyu8Q23a0sYvDvQxufPMrxguQ0ZoT6B6ONnfw+NYmvvy73xLkMH+/cJiTtGr+zKJuMFFmHOJ4Y0tMj9ZeetHQnsdoNRqgfQYtFiJJituNJB073tiUG3FydUWfqXkNgZUIjEQVD3VmKvKYZr41wsH9B3LLTSxMSw3yNNfFYjDWyzV88f7nWDm3jNQUaxi71IPvv3kfF66uIhq1XIo1VVacoHHUkjcjZJ/rwJSLf6YFOolhjsAsFq6ZGuQn/921cWx+VtqQ7AfvPc6jXGgjMpWgHQki8ThiKW5IYwIvqYdOTrtdYO/BtggIT8wkTybkZJwVswXE0kmBOks+z+5RsYrMVgazZxYQCJMDoEIDCoizRKjViUggFuIepMghtnoPtrPiIzK7pAfEci/iFd9qdZCcTYqhJiM8pTI5PCIMmwp65rzJEI8GP0xJdPCsswgj/m5o7IbJxxhkAIEWWlUH9gYhbASkCRkR5IDASMiR1iubeKDBgEUhQZAD9BsNuUH5uRPGWJQdPx42Qa9ywivDR0O9lQdrF0nQuzd3RGh6ZWXCkulAvz3Ah+/ewbMvXUCEEjbDMXYfbWN/r4mvfOe68DOYiuUO8lh/uIdXv/GydBJF80vijw1Hu4d4eHMdX/ndbwr0m5+TrXea4syfWXoCArXZkNvZRv7gCMvPXBV/DdnnRGqLhoEyCmXjE53dbstTJQxdJ/tPcW4U9nyC9LWQALJ84xG2bt0WWP3k8qJ8B3lNS6bVgAyZHh7QWzAVQ8gINPB3KtUWAiEvXHLJKw1bN5QGLh5KOg9oiOf/V097hbco5cMVmMWcdUDe+B9eGgfiUZF1pFJ4udLEzmYdzRaQnPQhzU4CGXzjERzOMcIBEpj60r/v9h043MzDF41gcpbQYSXRd7sDFApVKdoCAa+C7OhpV2rgcK+AuaUUonGCE01eL/wLA+W2CFJGAJswBP7FPHxvPSv4rOW1WaOSoZYJVNyj8F1qbgKhkFJyRdBNYOGK2xGgoPzcKaUhaxL1XldAonC/RSpUF9aS7ZFnaW4LuSmMUsYJotggpBSCYvHB1UOcurj9Xt3QTVmDtVAr1BFOTggPhq1HTs8lB6fVtqSNBkgiV5Y+XEb1mx98Id2tL339xonYAWu7n/3tL3HlxmXMLqSla1M4zuPWR4/xpW9dE74/a4VSroyNB9u49tJlOERAwwhDjEY43j3CF+/dwkvffBmRaFC6U+VsWez45k7NGj6M3uzloywy2weYWFxAYoribZqeDgYd+e6kK1haVnIeBPqvh1EFGvi+JjUWngvhNqpyoyN9Pfvtek2CKm9zFeCzUNlG7V/WS7WEmQK6KO5gTGJVjceCsciT1gh7gsiQB2okDBTloQqO7BZS4MELp28a81dNkf7Gv3pxTO3Uap6oyTa6QwfajAqEm4Tc8Hq9jI/SBXI5nfD7mWopgG7Yd2B38xguXwALyxz0af7PzsfhbkZ6y+nZtHwA/h9TmN31Q8wtT2EinRQiH6EGrWoV6aVFWRCROHWQ2qu9cwuhx5x+6/6OHKSzV87p5jIwg+LhIQrHBaQW5wVzo3vaiE4TFyQ7l6mObjrFdelhUQQXD5BRPhFotRFdEGyVPhyLC6JQLBVgUz1gfQVFG8vSo5rLYPfBOlavXhO7r0GvKYr1zM0Jnouk57B75yYS03NIzC8pfshGeq2eMAv9rAJaI+HU3P7wczy88xh/+M/+SLV9hW8+wuPbjzE5n0acXTO2oLtdwaJNTKVOnF95o7N24DCQNt2cwJeOD4Sh5/KHcP/TW7j2a18S41JOqnM7+2g32zj93LMar00aWs8XpSh3+txwOEYitMbXO15/IA7Jc+cvmQLYAiVblAMVc5DOl3WTPKU/JgLm5gCp8IQoeZtDwyBoFBYJzDSAN6bsyknhITT1hSCeGcxV5UV+x3BXhMAlaI+hwH3IBeY/C/8FHHaGEEyk4Aqk4PBMYO7ZP9Ai/Vf/5uWx1+PBoO9Ad8D/iMwq2h4oj1xbnTpDUPURC1o+Rn8wwsa9LcmjT19aVkV2JmatFjJ7h0LQoTiXdJBE6KElGzmajCIU8qFaLuJ48wgutw9z55bF+vdEhtPhNkQcg8LloLBOgxmbmGDqvlVFkW6zLtxpXzBshnoWo/AprJPcG+JNYODy3PQW190S3VKkqlgdGJkbjTYWxF+DEZ8MSf8uX0gxPYLk5XsS39RDdmtbuk+pZfpsaDTj7UDHrX53gNLhNvodm/CtgzRLlSAn1lhqV2BUPBw2l+iVEWlbK1dQLTeweHrVAjLLYaI9M41FmZ4xSuvHVo0tEymsml482UeDDjqtmnhzuL0h8TRs0xUqFhGuN9u4ud19NOtNnLl+7QRQKNPw/gCtWgWV7JH4jKSXV9CpV1E5ziKSTiM8kVQ8mqTIFofoBIOsOF2mzfychhukivck4ZFhqEoussICwNSDIvHdyAxp8Hsic2QUxk0KxbBhmkWCgrb0aDVwmQWR2suC2SvUn51jilA44PSQsBfG7LP/xEBN/uzLY8Hh2D0YmVTC6VJMvUjaCLdCzp60LvndRcmOTbSxDbn9vAzKJhfSsgBEifJUU7GbPHcC3wibFibaAKJXJOA4ep+X6cftEO8Mwl2obMFFYf1AwJ5QeaUlaaK0BaU+Ibso50SijygRWjKjFl9ci0tlrPFnlgWwfn4R0tZEwdxUyv044V1IwDMLa4IhI2HuYEfMZIjfkbzbPFDeaM1yViJzMBKDm4ovLqMMqTe70F9rpRKi6Tm4vQG46Gok9YByTawDQqmeQFg3nHWNinIHEasWndh8Pq2PRuh3msaOgFDypz67RXoaqT4WadLsnjEF00BgKVioyxWLfaIXApGwblBTd0k6e3ggpKWZ02tyCMvZjLwVsWm8lSkUZ23FJzmnKSTN/iAaQSR9BFVr6gMRVjPiDMJm5JqwHavNEjlUJ7e1IRpIwa/NnRMujQGyqj2E3iwWUcD6XJYOsJ4MpR3oh2awicJmC2Hm5ID8xetjTsRtNnaVeCpIUyQ8W1+OqQQPAHnGpeNDcZGlorbIBPGQdDVKu2VyyYKtL9RbRjFipuRAmGKYHHVTcQntsV2vIphMqqo2I4rDjmGnbQxoWFQ5pT1KfBLTu3a9Ir9DwBxzRxGFsNnlNaTrJDtVDwf/xxy106ya3rddhpKywZxs6XnEzIVrxPfXPjznFCPlQLANaWlmmecrD2g0xPrNj5CcO41IMmXyaLtQTQnyO9y4j+TMtMjR0KyGXhs8cLQT4+tRPCCSnpf2tzAEKdRNuVchZqnQNvN4Fvci4M1OmBTxdfHxYK+ejYNaPoPC8ZGYfHITsxgOxCelyKVcjyiKiJAf11bTDX7GejErfxacSKu4uGwStTfQQlZvWaFXGyosOelUAeHGJgSHr0mXJg4Ohea6pM5PNLHha5P7bdV3hsRzIlAhqZYR3tObgH9EHTAVvLCAn2wCVbMH8IVV9udoZxvReALhRMJQB6xDZ7EipTtgcjvlt4jJl17tVs4n6/3k9/hVmaeZjinTcGdYXG5nLv8jg8X6s6+M6TLL4kSptdQIomy8diiapYI6BJGXzrpDKAA2eIJeeENB9JptOP0BdGtlwekI+ajRkugfSSTQLOUF8s6rmHx1InG58J16SzjvtJtmD5qYHjLD6rmMvB4fFj8HgXkTCysiJkYFDW+QE1jyrDtC+HEHI5hYWBCotH55K3hy4j1At1VHo5CRvJvELx4uVzBqBlolVe+Txhx1rUbwhMKilcS070ku8+SKpqcGHWVDSXbSKHNUQjCWQimbxYP37yK9NA9/2IHY5IzoMFULGRl8khfOTdNs1DF/4Sp69SIa1TLa5Qri8yuIpmdkI1B6f//+XcxfvIzs+h0JBJOnn0U1syVR1BdIyEY8Wn8EhzeM+dPLQjFtVTMIJGcw6rYwttGxKYrq4bbY31GxhM0N1sIUbx602ghPqmGmQMCbDYzGTnHOHQ+7aJQL6HcaRvE8JGtVyR7DZvcglJgQ6DzXgbB0AhzD6UnpNlEMgs9+9uwFmak0K0V4/FHpZHItmZkw0IqRZ6Mit5U7qKiI3P6eBDB2xLh2keSEQGR42/G9abzDGnVinoDOsNHbMLWfOAqYQ3BySCy9GyNpa/25hn2jPyy4iBO4iQQoJyVLvZi5/I9NDfKvXxj7okmGMVks9oc59ZV2JeuGalXk4Lm4PBT1IoXd+nD7SP10yUalYBclYYLxpKRHxE2RH8A3bJZyoubXqlISSNu6BMn1u2O4fR5xveWNQ0VGHpxaoSgCdGI34KSARE/E43jqCWenwxEjGUGCdqeKy0VSE3IznOS+ckq0RVvY3xG+BzcpxQnsLj/sdCjqcaBXk0hPKid/n1penE0EKEMk0quWUophJHIAmT0QzTB+ll6zKkocLPrZ9Vn/9D5Wrz0Lu6Mnul7NYk49Pzg8rFRlk3ZaBDWuSe+9Tw0wjx/+6IRYYfMAUVSaoMxgIoFG4Zh+EAhPzqOwswG3zwFvOIlqLovycQazF5+HY9SGNxRGPX8IOzdYr4tQkl0+B6qZffhjMTSKGVEVcfmiqJcL4GAuPjWLXrsuPHhOkwnY5I3YqRWkNSxSTkPe/swmXBIk+aypbcaUmYU/xQCZplHAjVx+dtsC0TRC8QTatTy6bdqr8XbkxcuAFxBLN3ZAW2WKKIwENc7pPgGxlJ2NJCcRm5mBN+ATDa9KNiM07EA0hkhqVliDxF1ZtnqaGhmNAqEMW1Rfqw4y3cCnOPeWVC0PiupJm/xX5rlBwMYDYm6QX333ubE/SbwMCSRkCaoFMahTZHeIdhXBYyzcHR4nypljqRma5SKa9apsNKYEgVhUNgBvA24gFp/1LCNMCYF4XJyiZH7iAHpNTpoJbfbJxmUaQXVHdnnaLdoIJ1Ulr9NCq1QRY3imKd4QgX5qo8wgQJiJw+NGOKkGKtpHt64RHsIuypmspFBeuhJ1m7LpecCatSpYBFPyhu09ocn22wjF6Xnn0+gq3SWrS6W2ZYXddbgDIUl5mM5wc9DimPDsRrEqvXtSOImGrWUpl0SIyQj9ZlvSVmrj0jPF4Q4KhY+b3+WP6NQXY+S2H4k7Uimzi0hyGt16Tbj5bOm63ZBBViW7L/VgbGYFnWpR2uwEQ3JYx28fmVwUg0tydZweClU3JBWlSkhm6wHCE3PiLVjJHsBDZUJvWACe9FZnk4EpJm9Tri8L8nazCX8kAY/LjWG/oW1Sh0+keiiSwFSpUToW+Z/U0gV0WzVJhz0B3hg16YwNOmqb0B/0BI4Tik/D4RhKyscpP1N24s6SC8vymkwh64WcMEyJQI5PzcAbIkbOSJ9aHSqekBNRb6t7pQGS/sxkvqpmmf5dU3xtOVuiGnpELF6/W26RmUvmBnnzuy+M/cm05vvsztQoLF2GN+SRzoTKRvYRSExJq7dPcWmHXRCb7B7xfZvFAiJTM8ohtytbjnbPXBjROuWGM8NCttR0Kq2KJepoqyaf7OSw9cb8l5uY6RahCeFUWg6TFO3SPSCxpibyp+6AXzY5o5M1aFL7ZVU8Jw+BswadtBLxSqbgEJ0mr2zymJNmcKZxhbXJmPpP9MumhJHc3GaoxBu1RjE9r3wvDsNERVEEL1So2+lmS5Jegzr34A3B4lXnAyNQSZ/GnAxE/JhOH+0KdPrPANJu1KR4Z33mC8cw6iuAz06dMEIiuDZ91XFi/5/pEw8y5xfaMNAabdjjgVQtXHEPpiK9wyafWbVqGUA6ElgUuWyptBjFdeFwsGbJSWczGOWtqhRgrS9U3V/V/zmB78g/e/xhtLkvhiP4giHUi0eqa+XllF0HkdS9El6JixyZqqBzWQswJQsnJ2W/FQ/3RSoqEIshMjEtcyPuFVWTMUNiow2tn13dk0+o39KEMcLpqqpn4CVKiTYVtmlMmaMjXja0fQth+qJ1QP7758be9CRsdm7KPkp7x3CFIxi2awgkUpL+EIbtDUZ1JiB+3j25GahzyhyeGyE+t/ifSNPraMBgYWTeYPl6qIymwzw8S3T6pJFkLjw+8E6tLuke4fhCRmJRK+aWzGHrEuFYB6kAg/KxTy5Ma9ptJD/ZXavmj+WAUWOJ7DJvOA5vIHIyzJJFM5q76m9o+N8ScVjxGdgCSWTFYwH1BWJJhBMpOMUPz6mtRXkhFXTjLaX3+FPQFfFb00fWbjAN8QrUmmtElDCxXJGJpClG1dhGaa+Wkai2vlU13vLdoHC2wm+kMCVXXA6F1SmyNK6s/9ColUiNbqWQunrKt7dLukatZJfXL0JsCkHT7p/ONbSxINHYKJxof8nSI9Mmjy6r6RgayIn8ltCkNcdhUBHFEocT5aM90REOT6REyofrw5RL1Nzl3fisFQCpqiqWAr4cQS1FpTa3rBWMjBI/x1Nytbp6Vu1iZJhsXjicQUxdMinWmzwgfBgur3yoVqWH6Ow0mrlDBCeX5UvQpESdlFyiOt5vVVE7PiQXFQNyDdK8/izErErY6DST/no62aQu1BM7Zh0GWtKb1ulX4RG9DuVL8mEIjMO0YcXtVqOdigSozqs8OUuIzaRE1kO2OlGMWlVJTfqSsvDz8spWvwmz4SSbUlE2VTwxu9hYC6jrk063jx5+JjbK4fQMUounBeX8ZJousiHmtdQaWTaJUc4hJEQg1iNg46P3kVg4jchkQiJeOZfF7t1dXPn6y0/kcKT1bPTBDA5L+5dCyJdBl8wNZAiqEkaZnT3sb+/i3NVrinblZ5cumepqmcH/CfBSQX1GypTt4EZVwKtct9TSKQRiE5pamTXSTa0yOlab2cr/rRmStl4tHTAd/Ml/o7vc/GU2vfGd5I85p+EeYNZg6Y3pHM58RBkiW85ZqlKjh0GLdq6FqMZYLsU6WdLDZeYqcizkrRkISPM+QmyGQT4Au8OPqUv/UIv0d/+XV8Ycdg3tLlSrNQzadoRSUfRKOYRnViTzEdsC6dVqGtQfdNGpVgUsF4yRiRUyspjWF7A2BeEWOoyTjWrZeYlCu8dI9usiKhpdETIacYxMjgyMrAhgRQpjOSDTVuXFWzmlvMrJhlSNW/4aU4PBoKWpBnVcZaNpmsBIK1AIbcnrLSLzPfXpYOuan4uDV6Zsg2EPhxsHqFQ6ArlITsbgcnJg2YXXzzYyeTINKf5JItL064lvIRsZwkcfj5BfP4A3OoHQBLn2lOJs496tDK6+vCq3tWjJGYs4tVvmGkgiJW10HqreyIYuxaQ9bvi9ThQrLfzi5x8hV2rhq689j2evX1TDH24aJxUv1TFY97riziyIhnUrMTvg7cZ6k4U0o7jlEyntX6MJbPohmt5Yz85sSAUmmjasdSLkijIPyPBrrBvEhBFzK1hCf6ZuMCJL+py1Haz/Y8pGz1OKaZhxoJg9aXFuKUMKMNLSbjPK94oG6aG4vylcEH+MaVxI2KxTF35PD8j7f/rl8XDQwdFeEfnGGFSpD0QCGNab8MUSCgp2utBnQToGgt4x3BQMtlM6hnuJ03WV/Se537JGVsG1obRydcOqbCen2bLnh1rgSmQ8yRcYFTRyi4WvgX9IPGAtYedwidpPqsInWZVIU7Juccnm0Z6tepVrpHyqBy6DI0ZR3kSaDKhLEj+dEaQ7sZzWaGR1SXjzUKAgPDGJw+0dbNzeFBbg5RtXkZ5KSgPgwzfeA1wOuN0uVHMlPPPKDUzNp6Ubp5ggfa+TdHI8wvGjBxiMXJg+syotcELQf/B//hjf+ePfg41IU0GhmnDH2U6njfzBARKTFNZzIrO7h/ff+hyFZg/PXDqN5ZU0fvB3b+LeYQMuhxtfuraC69dOS5doc3NfYOnLq0vwU4eMHSzbWGYYYqHH29OkIHw+Ig8q9sqW5QTBfqqEooagKtUjB0aWXVEX6nRlCWpbLmD83mykGOybSeN4g7N2soaR3C9qHe6S/cFnKrc8AzX3isCL9GbnIaiXctjfOMb86RWhhNvEflx96qV41/m9OXvWKICwI/KJ+shuPZZMJUmvGh8H2xHYnQFMnv8H5oD81evyzHJ7JZTbduxu5RBL+pFKxURRhIUWi7qxzSmE/sPH65hbIl00zn4QRmN+6QHanS7yh3lMzs8I8Z6bllI6+XwRqUmy95Jy9imns799iGKuhovPXxACFOEdvW4Le9tHONzP4PTaCqbmJiXlr5ZreHxvB7lsAyunF5FIhKWrlpqdlmJ1Z31HyFor51eFk2FB5q3CTb+lhSK08D1OCeoWQ1BNcLiY9Ge3DHqIJNZJLNu/e3fvobizj/nLlwU1y880Q97F6UV4/dTzquBn3/sJZlcpBhFGZnsXs6eXMXdmWVVYxGnKyJDaOBiTR4Ti1g6yhwWcfek5EWtj1Pnr//mv8Vv/1T9BMEAjIiOGTSzXYIBPfvoTbD3axev/8PcRivrx/b/+O9z87BFsbie+9o1X8ezV0/j3/8f3cO+gKJyO1156Bq+8ehFvfP+neLR9jNUzp/Gt7/wa4vGgCFrXSgUsnF1TT0QjV8r0hDtdgaL83xPQp6S/1j5jmiO22ZruUl+KcBRSDgQlK7eu4p8sfWQW76LDNaBaChs2VMBUktioy2FmT/YOf49/ZxOCcBvKozrhlKDAm5PCEW6PX8w9M4cNrFxcRjge0GbPkB1HvWHYYeAQkjMV8R4RlIdqaTGrO9jYQmpmEv5ICAvPvgK3n0NwHybP/45unbf/4mtj9tG71SL6cOHxZ1tIzMwgPhVFp1oTABc7UjwcWw+2cfdBBhPTMVx97ozISCr/u4hPP34k7K9XvnRRmHKPHh7gs8+30R868eqL53BmbQq1egOff/YY9x7k4PNF8a3Xz2J2YQLt1gAPH27ho0920BsBr710BhcvLqLb7WL9/jZ2t/Nw+l2Ix6NYWZoUqHqt3cfnNzexf1DG2tl5vHj9tBC6uKlHQ8ruExrTlgV1u3VI1uvS2otDMxUxZpdGIqWERJtEMvby6XFCezKXhwqDY+FvDEdMK1uwe/zwhT3o1NuAzS0kqTBFHrp93L25j+nlKCJhL/JHZbFynp5PwcUISEtnhpRBV2YS/EAUkGjUBjjeLWLhwgzcToXNfPbRFlKzs1iY8yGfr6PZs2F2NobCcQWffLSO/tiBr3/7OpIJP37yk0+RydXh8zjw3PMXcOHSEiqVEiq1Dh7dPxAq9Nq5efzdD99BvTfE5Utn8Ju//or4tHyEnv3HAAAgAElEQVTxzody8772D35TYDja9TFC4eIxSRKXge/IWeEN8sRyTothTsbp/rSPzdv34fYnsfb8M1IH7W1sYn9jG/Onz2Dp/Dn5GZ3FKOAXisREv0sOVm+AwuGB3EqcaYnQ32CAo/XHwoikuxkPnZaizFy6gqdiA6BRKeP+J4+xcmFBWIS06uCeJMBTsgoa/bhcIpbBm4kdVX5eOfR2J+7+6qdYe/lLgknzhpJweYmOcD25Qd7606+N+YfFvX1UasDuFoW8ogiE2EplP5/EdqBab6FSbGJo86Jeb2N1OQFf0IVsoYrNvTL2sm2cnong5WenUak08N4Xxzgs9URo7atX5zCR9ODOg0Pc2W2g1hpiKhrCt27MIRZ1Yn09h083isjX+vB6XLhxYRLPnJtCqVjB5mYe8XQULocDlVIHp9dmRL70s3sH+PRBTuYPV8/N4tXrp+FxjlArlDAc0/mIeq11hBIERvpRzhbR6RCv1EYsFUFydlIuX4IcKUTGuQWZbsfr6+h2ONX3IxCLCxHp4P5jPhb4oiHxMvH7Fc4y7I3RaTWQpMaVzYG3f/impBfhUBDNBoUHQjhz6TQC0bAU8aQTbH3xCeYuXBHjUiYb3BiPPn6IS7/2MkJMbfsDfPHBp6gUurhw/Ry+99c/wHjkxW/9zstY//wObt7eRzgWxjd/+6uYmU+iVO6i1e2jU62gljnC+Wvn1Ou728Hedg63b++KWNvdx4doNruIh+w4t5zE3r11bHFtUzHc+OZLIt5QyJaQL3eQSicxPRM3pCg2VHgolAevipZaRjA1kRlPm0JuXWQOC2g1Blg+v4patY5bnzxE7jiPZ1+4gPNXzqJaqmHr/pZodZ26dAYLZxclkFHBMru7B08kjoVzFNoLoVrK4+jxOrp9p+xHooWX1lYRSVD1Ulu1YgbaruNXf/NznH/xCtLz6lprpfTS7jdK+JZZp2D3RHxdW/dbn7yH2PwywrSAdnHfEMbvfHKDvPOX3xSoCSV4sgcV5ApdtDttLJ6eQ6NcRTAal776o3t70gmZoxRPtYqpmRS6oy5++eYD3NtrymK9dC6FGy8s4OHdfbzx3hH6DjsmU0F869VV2G1DfP+HX+Cw7hT5mZXJML7z7cuIRly4dfMxfvnRHtojOyYSfjx3bgHXnj+F7a19vPP2A0HoxoJupBIxrD1zVibwH354B5/d3oHH48HVS6fw/Ivn0W9UpfUan5mBS8SN2WVKSSrIGiIQT6G4fyhX9NTyEvrdFvbXt7C/vo/5M6cQClNRsYlIOiVwCx+1oVITqOaKyB8di4Cy309RCiCUmsSg1UDpYB8Tpy7KcO3Nv/kBAtEkiFbmjZQ9ysDl9GL21BLS02GUM0co7++hVe3g8jdeR+VwF/1uG3sP9rB0/QUkp2K4/fFtvPGzD6TYXlqdxY9/cQuRcAh//Me/i4DXjXymgnIuh5Xza5hZmZKWJ9MctrAffHwX17/xivHl6In6zM9++Cb+4E/+AJ0uvTyayO3swuMa45Mf/QTDoRfzp+dw/Te/gVz2AD/9ybsolAd49eWruPHKsxLx28a/g0Q1ws61YDPypqwByiUR3wvGYqLgWMzkkZ6dxL2bd3H75iZsIwde/PI1rK7N4s67n2H70b4goJ995QpmVmaQO8rAiaG4CXTaI6RmUqK4OLYNMepR5aYhRqmkN6enJhCKeoUOzVmRk7eCy4kPfvqeKMrMLs8pdEhGAUQMU+ZpjAHF98Z6s3B47PIoDIkzMUL4WSbMXbwqA1SHh2BFLyYv/LZJsf789bE7GESv20SzlEWn50B+u4iJpQXs3NuVAc3KsyvY3znEg9sZeD1urJ2fwfRiCv1BG3fvHuPegwxC4SCmIj5cfHYOzWYHewdlJbr0ekgm40hMhrC9fYhmxwmPx4FRt4P5+QmkZxOoVRvIZOoYctBGyHi7j5WLC2g1alh/cIBKvY1UKo6o3yf4LoozNOoNNFtdwYiN+wOkZ1Nolio43svLofD5nDKEohd3o1gDHB7EpiZROT4G69Hk/CTq2YJEIjLoCLFxumxod3tw+ZwY1OpIzk8LL5q1Am3KxGeiUhJBCnrLMz3oNxuIL86IwARvKU7ZKULHuoYT46ODsuS3nlFNQJIerw1bt/cxc2pOCnL/RADHj48QSc/CH/bjr7/3FnaLPSykgzi3PIfbD7Owu4b4h795HckJL3r9EfY2jhGJJjGzGFcPDRs5+zXc/fAuXvj6S/BQvsYGHO1l8fPvf4D//L/+x3C5x2jVm9h9uIlIMo5erSLdH6IXJtfO4vYXd/Djn34Al8uHr73+Kl778jXU8wVs3bojwMa1G8/rHFp0fEcoF0oCwfe4nDjeeIhWXenKLl8Mk0tzeHjrDu58dg/O4RjXXn0Jay88iy/efBcbn98X+7err78mgnoPP/gEpcyh1Fqh9CxWLq3h0adfoFak4o0LQ3hw/vmriCVjoEQuDy0loxSQyqukj8/f/ATBeAhT1BgYD0Wcr1LtYGaRqAi3SLNWchlprFBu6Plf/4YMPjntHw0JlQogObsgQ12HKwybPfDkgLz1Z18eMxUgVLq0n0Wdhfp2AbFUCM1yC067HSvnSOrpo9HoCo6fOTcLSna0u72RMN147ZWOKphdpiq7Ry2dB0NkDwrotB1YOsM+OjH6DskvS8cVgX+kZ7gBFcbBDVcv11Et9TB9agZkyvY6CrFnkUdRNA7U0nMpaQUK+K/aEKUSGswz5yzlGqjXaQw6hMdlQ3I6gV6nLw0DWn05OM122WXucHB/UwQheIMy0seo7uhwwGUnjukI/ngc0XRK0jVrZsMpO2EdJBSRb98sHiC5ck788bgGJyruHLSx7ukReeDE8RcfotnuCZbIE5jAuF3F0dYmwhOEnngxubqK4biP7/6r76HeseHb33oOL924IsJ7t9/5AM+/dkPUVli8Pv70jkTQpQvz0oIX5Gupgo9/9h5e/CYPCGsxoFQs44uP1/Hq164Ik5BKMnuPdxBNxjExFZd/L+4ewBGKYGs3j1++fw8+vx+vPH8Oa6cmBe/FoWqz3sHyM+fgcoxFmrbd6sPmcqJaa4qAXsDHqTwhJF006z0RnFOp1ipyW7sC/T/13LOyx6r5AvL7x0gvLCC9OCNGr0QEE5lNCvfM6ryAGEvZgqwdtc0u3XhBmjZs8hA6tLe+hYW1MwhFQigd7+l6+PxyuGrFQ7mJDrdySC9SFcUPl6OH22+9j8x+CU7HEN/4L/+pTOn3H9wSzODS5WcNj4gMT85BeEB+V2+QN//Nq2NvOCR5JDWuDnaraLR6kibk9itIpKJYWpsW+U7F1j+Rn9dpMFtwDiEC7W8eYGp+StTRRTVjMETuIIPCUQNr11jUsxvGjkIL+d1juIJhpBemRWeXg0SFOGdQyrYwf24VHh8n05yREErRw9HescC9504tKm5sTP5FEeVCQWishEJrcU4oSQuVfEGUAiNJ/pyq3nZ0a/Soq0kaVToqiJgbN+n06oL8rrQ8QemZx+KuFZkk58OaTrP/T7473bHIVRjj+N5nSK6el3pD7AwEaW0myWayw9Zoq5SXwt7pCyNAx9huDdV8EXaXG94gje/9AuR79JAaux6cOrOIaCwgQejmj3+J2WeewfTClHR9Hn/0KUZjO869+KySvsaQiPvuD36KG7/xVXXwEljHCHWmjFF9HnQU3r79QL7X8sXTYtWcXd/AyOZAMDWFo0wRnWYfo3YDibAbd9/7CBNz1KxN4uz1q8Coi+zmnvDSozPTmFo9JeIbLqe2dKvFCgoZ1jVMM/meNmzdvC2KMctXLol6ItEau/cewRcKIT0/JQdp2BvIQTnczoiyZTwVkZqm1ajj3icbWDg9jwmRbrKjki3jiw8e4sJLl0V0g7cYU8wCtbmmkqIvBrsXOw93sXRhRTCAuY27ePTZBprtvlh4nL1yQdQzS/u7CKUnRSvY6fUjMX9BghUPyUmb982/eH3Mq7HfbKHbraJRoSdGE483a/AHgrj68llE4gQvmoHPUI1pZIpt56BK/fOokp7dOkJidlaKXcKdidrMZ8kaLOPs1VPw+cl6G4jCNjVTCSOYWpw00wGBlknkKB7XsLi2AFKBdShGIOEQ+1tHAuVeWqOUjPLR2TauFGoiIhCJKyqX0ZPRMbuXk2ianKQRJPv9DjQbNVSKNUQTBN850W41hM/slluEYEuVyCf32u4LIJL0K11sYKaI1FEyg2Deesfr2whPpgUKwdkK34NzDwvbJM0fhzHeEbWeEZxkDbIDaXy8VVeAcHugN2gDI6ekaSSbcY03v9gRhPPUAudS1H/Kolrv4PLzZxRX5VRAJJUe6eciCFuRS6Lzl84oeIpYh+082sNw5MbFFy5IUMxubcnNdurKsxLQSNdlUFs4sywHges+s7oks516iSxEryi6swlx7oXrcInU0UDmTbVSGbmDgijPUCOLA9n9O3dQyRUwf+kSIqmETOa3794XP4/p5XntIo9UhebRF3eRmpvBzPK8tMUZMN77wZtYWDuNuVMLgh+TQ19uwutzYfvObUF3R+IBETxnO75VyKE3dqDSGuDKl67B1mvg4P5D1Gt90YweDtpYvfys6GQRJR6eiMNNPhQzB08ENict0dnmNXOQt//qW2N+6Wo+J4LAdncA7VIdOzt1jF1enFqjWqF2DLg5xZ/DyHiSb+3x8AFQxa+PzG4F8cmkiJaRXspNVS43sLNZxGmqMoZ59Q/FZy57VIUdbswsTyjM3mB1SvmKKJQvnJpCiNwPMbJXXdzdnQJarRFW12ZEAJkLSy2oUrYCr98rD0WHg3TWHYrmEzFck3MpEXlgNGl3miJKwDw8HGebUam7/F5iMc0Js92Go8c74rg1QUlNMfdRuIuOxZRtyb8evvcBYjPziM+kBUynfoqKBlD8gM4IhBBm6LQWHVXhIWoaqsNKqpoo9ko7RirksPtgA/VyBxduXJHhYf4wg0K+JJKjOoU26iwmTdWxhHUodWjH+Up/OERmPy9K+asXlzDoNJDd3kWt3MbaS1ckElNKtHhcxPQp0oU5oB0LGatRa+Dg8YE0avxhH4IhL5LT7BrxzRSrRtXKwnFR0t2ESPEA+e0dkQVKLi4inIhIl27z3oZwc+ZWqESpfHOiuB/deoTJuWnMrc4LUJSv+f6PfoHplRWsXjqvqa4RbGBA2fziHkpH7OpFkJybkZkdtXaJPv783Zu48e3XRcGRqAAGJi7P0f1b8IYTmDrFwSz3M5eK5DRSvAlUDMok/eSAvPWX3xh7/H5R27j17j3MnFlEOORGqVBBvT7GwuqUuJKKeSbbfdxoIuxGuAb5FWpCwhnD3sM9RBJx2VQ68bShUmRk2MHq+UWk59hCo4hBT7odo6FbBKpVX0EFCtj52Vk/wPLZFaSnqARojHgAlLIldBt9pObS8PjdAhhg1KjmS9LRiKY0anGTMg3avbcus4i5s3zYaiPHxcrtHiAcD8vvSxtQDDk1LVLhBOD48a6Iwk2tLiBgYPZm15vDoVPdu2++CbvDJxL74ppk/M4t7rtl6qlQY9XVUqSZxHQFWouiipkmC0XYHC5jQZ3bOcK7P/oFvvJ7v4HEVEpIT6Q0e0VSx7j5Ko7CoBWsT2oQDIpsM+aYrA3pbOuVzUoh8l57gJRoo9lEzyyztY2ZlVWEaN1tPjYjNxsi5L0ITcFP/ooacuphZIpVxN7jTYTjCcyuLkjLu3x8iNzOgaC9KezHz333oy8EhXH60mn4QxyA9tBrd3Dzg1tyYFbOzMPjc6Hf7+DuB6wvvJieS8HnMQZBwuvzoDfsms9DYfUIPN6AUEPIVXnrP/4SV758A9FESNAWnPqTjFU+2EXxIIfYdBJDesf3ic1zIZxIIjw9h/jshf90km4dkF5vgK3be8gdU3uKnuZDmU5SFVwEpIwSCP/Zzl6zUfBgoCMylwXaOvNbjxtL587Iog1tIzQbLVEmT89NITYRVM0ntt9IxrGRYahGkbI1x/z9Omqlhiii+AOEolicDJnvSlol+ETZbOrNoTAUon1ZI/A24lXalfYtPU8oNKfeJkN0Ol0cbBVES2kiHQKocGGQCHI72J3iqJQ/KkqBOL0wKQGDpCfZEIaBxmKZv3/4eAf1YhtzZyiup76ArE/4oDUV6xt0LP0fdSbNSC4+TEwfXW60Ghx6jeGP+BWWYizjRnZ1oWLH7u0f3cRzr1zF7HJaahy+vsPGyGUoA6Izq80MgWqIQY+F2zIcfQuPNFAgpdB5hyoDxGEaofSsz7K7+9LViaZ4wxIsyjpT9cr47BTprBg7QdMaf5RauYit+4+F87K8tio3SK1wjIP1LYRTM5hdXZY1yezuy+CWNxAHuXTQZXr3+XufirfIlRtXMbs4Lc/25lsfyOBu9cIZ0buSQTAPpKDKOYnvo9csGXgRJ/iKz3vvB7/A/No5zK7MwRsISdpJ5iU9TW6/8SbOfekr8AR8ElQspithNQ53FHbnUynWm3/6+pgqetVKG+1OD3sbOdRaQDpJH2mfDInschpYMCvalphWamSFwk7hgChrjhGmLtciJ+x84CpnRL8+2vIyslOMwVISeRqUaBlFal3B5FxuArHU4rO0gHXqmqQOtoyKxnqZaQojMG8DwRXxd0bI7uUFYzazPI00B19GHYOawOxABSNuk97xGRt1P3E5daCUq+DhZxtYuXRKimNF4lr4LOXKsztVOTjE48/u4dzLz4stsXL5TSJmqW9YCiny0W0yQVerMrWUI61YNKKMea1wtS2OOAv8egNv/eh9nL9yAfOLnPRaN53ipeRz8cYmfEOAlWSAEqT5BGKvah+K9NWor8+BfHfNHlX0gsqT7DJFUmnx7GArToCMpBTI2hMbxmBm/NTFOo1oBBWQ63Z60k30B3m7cepNkCjptj7piPEZCUyeNaEcPHU85roVMwXUGz2kZqcQiZL6ahc9NDZpeDsrcvuJwEYtdyx04f2Hd+RAT8yvSDeLgfLD7/8QNk8YF29cUycqQTrzOw7x2d/+LU6/8hXhmihnXR6Eprs2Mk5DSJ8zUJM3/+wr42alg3JpAHcgjA4tqmzE3DG6K0beRUswF6OR6kixyOTMwOMdS5oliyfXLeVUlDdxIg4sHoW6EMIzl39/yl6YJbjwPCyzSc3vNXVQDgmLUMsC2aAHjd2ZAv8FwiykKyPRY5hjhaMMbn90FzPLi3KdS30gUpoGxWrUPXXaqreTJCUOu3TBjreOkeTDSkRlc6iZpmUBrdpa9JAvHmlzgqmAlh8WwYoL/1S0FUcuBXEK9su49gpQUIYMKlwgkjhy3WhjgJCYYqYs3iOy8eQCNQJpJ2IPJC7xwBADZTkLPyV2IzUe83Aj2GbWQTeGcXsd29Eol5Dd2RMuxsR0SmpGvdGM2r3K7sm/W8qW+pwYzfm9BmZKbfDVkvYZ6oARARRHYTmoRrCasJtBR0hX0m0cskOph5/DvaFB5mpjiHWiS+AohQPy5O3Ibu5g7vx5JGZnhNXIW3j9i1vY38rj6mvPyQDYErGjJtadN34lNRH9QBiYOE4gdz6UnEIgOgObHBCD5n37z18dO90xDDAQ+ioGSm/VjafMNdngdLclP9mA+RUerbpZog7Iq0+oYWpMafEpRChFiESWPbDhWIgekZIJlA/CAteCQmsNUcsfCe02Pr0Eb4ib9AmPwELFahhUoLW+p6Zf3GTtVhOFXFlSxlgidlJnyFfiOeb7yWExnSmJxtpaYpAgWFVgFgK1YARiXfVEq6mwtyVty/jsiuTk2unTljA3tdJX2RVhka/weUHnWnp4ogHAtdL10hxJ0cjCoxGsu240+Rk3h2x0BTBasA+9bjR1faLYYd3QGnUtO22r46QdB8sQ0xLZYybAqD+U6C4EJVnopyDrJovQE20aEIKeNfwMq2gxkHSrHW/hU4xgzxOil4HISwWtX9bI9FpdQ62tGDzI22CA4a82i/vYf/QINpcP3VZflGSCsYCq1jgcKBeKuPXBXTz31VcQS8XhMioyzEq++PGPkFw+JdrRIhlLRLPbD6fbLUW6wxFAyupi/fK718f+WJpqccYllUW4UzgIeh1bBSMPCdu9uktPGGLcOg7NZYUwIQfCKLYbDVhVEzeFuEQi469t2H4KQbdg0To0bBazgpANpeekHSddDXM4nxA+dLl5tRMCrfRdc+jI9RA+kWpN6e1h0iRRwrMYdVImG9aP2bxMnyRN05xHGQjm9hFCDtCpldAq5+EJRuCPKm2XLkec5lNJpXhMZckoZk6fErUOOVy8QRiRmaQapDBR0tofsETTdJMIc09qek0bLZSy3AlGlE00tAQUpf+NkpGepHfW/WF14KyW1wkDVZ6jwsIlebb8Fo2Am4WE1o6a1Z0zVbt1wMx6PNGa0gPNKTXFFnzBKPxhdhefSj1Ni8JqVai0qCW2YH56EkQMiUveR58390enlsXho/sIJufFI4aNAc7fVGWR1OIG/v7f/Q0uv/oyZleXlC8isdOJB2/9Ap5wHHPn6HRmtcLVFVhSLKcX6fNmUPj2n391LObrDtYbvAmMibwZ3GnawavN0FrldaxcnA+OhaJGR7ofWQeEObpa8mqLUw6VPAgWe2xlah2hhBrWMVqvUAWcfPG2yAhRKIJTey+8PkoKaUqlKYTmzPyr36OVMXkq2lmR4aXhBFCdQ5xgAxzk6dVx8ncz0NBcnX+mJBuLRyLu66Zjq1xoc0apb7X7EP5oAj6yEsl5GY2wx6Fbd4wA3WQdLvijYRkA8nCyqC8fH2DQbSE6TS6HGoCKHq/FWRG/Ct0gJwFlrLKv8u9yy2hDWOoQprXy6xbt1qSIVpvZuu1PODFPMfzMJpXDYzSBlVRlHVB9T21Fm+JfHpJ5f2thZMM+rSZiw7DXQvFwTyyYY5Nz8IfpYWm4OaagJw5OKMnURDsJoEqA0rfkbSkPRTtwsvj67BhoBr0WsjubcPqiCMZjUlNK+m7EGBjc3/zbn+H0MxdlGE2ymbWmzRKR1g71DJGXtbIa7lHOnzgoNAfknb96fUygnc1GsohHorvAF4yAmHVAGE3ZBRCVCILWdEcJiYmLyqjJQpngMf6eaKFSFaXP61o3nRwkas12uiIeQMEFeSRjG9weFlKEqvcNRmYkUHteq912U3BMwXjKpCgqxqA6vlrg9lpdeX2PFGnaOBC22aAnm5AdGq48xdOYhzs92iF7oglrbR5yQnhN62xEC1idU6jyIaV5suLJ6KJkUDAmdABR/xsI/U839LgvKall5bZ98yacXheaxWNxqJ09s6ZpV58SSlSyZBPDQivoQZDDznU3ongn5C+zcSRAWD7pJ8HD5I+6u5+6ua2DZ0681XCQ68oQyKRT9f87oPIyCoXXwGHQsib1s+jRestodlHc3xDoSXRqUWYXejj0luZrkXiW2dqQ23T61Bn4QyHsP74nNW56cQXeAA2SrNhkPq/1seV76TEoZ2m0akc4mRBNNf0VKw8fo93qCiRKBEOkntNnqbAm3pim/S0UcT5/1mcU+ws/OSDv/tXXxxyzU4TYxi4DH7BNrx0R9pX0hS/khF0kRxkxIIolNFKkbRido6qZgjDAmE6IGBy1srpdVI+LmFielWETNyc3ZGn/GK1GB4nZpEx3RZAsqkMevhVTJqoI+mMRNMoZuUF84YS09TgYpJD1kBvU55ThEA9E+bgoXRsOo9jF4OSZYnM8DJomaiuzUSiIRrDL5xcMFgecVEWheog1kKSgM11eOTHutTqiLcXF89Dg0UVRgW0Rz+MacYbUJeiQnHyHHR5fUORu6vkjxKd1/sKI9/D9d5FYmMWo20Xh+ADRiWm5LRq5HMJTM6J0QqAjoyklkMgclI2CMQLxhHRreChjM5woP+FtiH2DSdesJObknjP8ek3JrBTGCEjIipi83wgxSKPFCGaf3FhmEqlpmqlnzEbn+4pX4YjysmqH0Gk2UC1kZRAYYMpjpy2CDlr5+5xDFQ+P5fe9fgZlCH+etUNickr0mRlkrZ6hpLhGrURCsgQHvbH7vY78nRYSkkJbN5FldWCdF/lkbCA8+e6yj7sdlDMH8vPo5KyOHOwUbYhg8oKZpL/7v74+5odlagO57kiU0ZYpDwi7DSeyKqLyMZQvST88XyiBdptAszbcUiM40KEu7URCrLq6zZY4kkamk/D4Aui1WgLgE7Hpdl+uOILJ6LTUreeVyTwcoV4sIhiNwR+hbCb1nKiI6Ea32QaDdJ96WeWicIgZoVyekIgpS5tz0JU5gT9KLS5t39HyjJuLQEHK9tB+OhDTdmmn1ZMuBhUF3T43ark8kstrcrCa5Rp61GWKhGF3j+F0BkTpzxeIoEdDS6dL5GuKB4fq+TG/hEG7KbdYu9FAavGMCF6w2s9vbQvpq1XJo1E4QmrlsqSGZNwxkFBRMTm3hHqxgMT0Mm7+/A2cunoFteMtzD/7gggo8JnMnrti+P8mP7Q2gTkAKonDgGZZD3A6rwfhqZ6WSXX5c9WrkkGllQZJG9aGbqeFao70AA+Ckbh2iAzSQA7maChDR7VuUNGEeqmIfr8n1OQR4cIMIhzgmWypcnyATqsjyvBU6K8Vs+i2RwgnyTjls3BJq1brLivBOim7TJdQD5uVXhr1hZOU+0Sn13pT8/31BtP0tZbZw87nH6LTaKHTaWHm3AUsX3lB5GLtzvATsOJbf/n1MecWrAPkpmHOS2E2SXNVTGs01IKWUJPhuItWpYRBh5pIHlSKRwKbDsVDQvDnAKfVLIt0DTcukZkUaCZgjcOteqUmrVK/L4TgBIcydPZxiUoKNy4PCKUnKYLWqVEULQ6Hl7bMfL2gHDyy0oiqTc7PwR+iwDIEk0StLGppucMJBOMJuRW6zZo8WNpHi1YUW8ojm1iTlQtlhGIxjFoNmeeMyRps9RCfWxGoOmnAdEulDGe7Xpbv1yjW4Qz44XKSE++TOYLbQ66ETSDZjWpOeNHci1UAABuxSURBVCZsG0YmZ8XKzut2o7C/L9rG4XQSXjc9Mewo5+mYNSFcDopZ07N7YmUNue19RFMzgK0BlzuAVuVI9JLJpOThdTkp5akPWkePOpu3impLENqAYk46WydEIqNrpSok2rnTRoGVOmtOzlqQtQQ3OpG8wXgagQTBm4SBALXcLpqVvNSnvDGpzgm7B51mUQ5IMD4pzEWKv/FW5Hc6XL8vdUeM2sAOoHB4KMDL5NycdJooNVQ+2pe0MzY9p7rN5vtRpZPaWdRqLh/viRQVD1aHKbjdiUr2EMFwVAJpIKHig0xx2QnVMoKsUafczgf37yKanpV90m1V8fjjD/Dct34PNhbzjiCmLpo275t/9rUxtU5JErFRlWHMSTWNVwZmiq0PQXJNuYKH6DWI/C3B4fPDEwqh1+xIHknyD7FPpLpSgK5RriM1N6/DLLtL1NsJLmR7ibeI3a1CxzbnCEMOmOxewesH4jGjk9QVCwVOyqkFO6A9gwAR2wKPTi+twhtkOlKXiMJIPKasjy8k1y43ChectxfTKQpISwt3SD3aluTeTP20dToSbgShFL4QtbLUMUlSJEMrZTFOb3CBrLQ4FLULhJ69e1H9GHdRLebgD4bl5y6fYsnIJTne3JD0KzY9LYeLMp5EovIB91oN+MNxVAuHSMwuy41Ea4Rm9VgIP+Me1San0G3UEU7PSeQ9ydBNAW5FRskiTrp9mlad1OxWb9xofz0pt3WwKkHQEuziHdRjgKmL3XS3WcXEwnlJl7gugtvKH4o2L0lK9SKdae1yM9cKGUlhQ4kEqvmMBMdYelaeY61YkLScBDqm0eSo9Po9xKcSMmAuHuzqlH12WWRIuaElGez3kN/fFmJVbGoax1vr8HiYDo3QFh/3pOw/gjx5iPot6jaTJRpBLZuDMxxAI5PHzNmL6DaO4A7QroEsQm1RZzfuYfrUFT3kDg+mnxyQr4694aiY5LQHQxT3D5Cen4PbzYELkbpaeCqGiLeITrNlGiwAL4dOW6mZRd8FcuYpNF2piQxObJpGkJB5wMngTwp7lQSSgpbTWb6HASxKNDMzEqo0SmElg+6RFPAUGqC3RWQiBZekdkZFwHR3ZFYpebXlTsQtzfzSQkEpkE/zaqOpZFpUzMEphK0FutorSAQzwy7ZVBwaSreM/0ZfC60J9HuYQb/VGDFRedQfYuwgvMSo/ZnrXwxfTNGoVnBMa4mONdzvE99G7czJz0+6SVZObqUOTJnMX6bbp6mA4s10TqIFqsLkVdhA258iG2IOnh4save2a0U5AN16RYQSeAB48PvNOhqljKpHuoOSVvUaFXS7HRHMJrGtVc1LMOt0GgiEY2iU2lI/JqanYB8PROGfIpGTq2cwHjeFapA/yiE+s4D0/KKpK7Qlf/zorgRXUiRoEuRyeVErqMh2IBSCy+dGbHIW9VJGbo5gjOBRB/L7e/AFwmL7YBu7kD61itLuLQQnlkRO1WpgDbs9yUJIluI4Y8qqQd7686+PPYSn9wb4/J2bcIxdWL16CpH4JOxyvRm9KNmDCl3QOo4bjDqmOvnVAY8eon5LTVhI4glG/TILcPuC+nt8PSPWZvl5yAaUZ2J6/sJ/5kMjnsh4gLBT1mjj8NG20INnzqxianlRFoEwhxMQoNnIFuRE0wh+Vm4wRQKIe6xxm9Li0WwsOSzabTkxFz1pAcr2NOHYSApJ3GATwHRIOBGXQ6OvJz6FQhBRYx7VjrIa/BYAlELMtGHQeYwgCATvpL4jFkxf5bqMOJp8CY3/1o0h39PqWkknXnMwPVRmim4N4+QPzAk2/w0PpipJ6uFQG2ztYKmBkFXzPBlmqnKImYmRIMZpeLelHcvxUNJbppLc4Nz8MiO1jaX54KKr8vEhqoUCkrOzcpiYVjmdXmlWsPlifX+mrOx6USU+kpqWRoAvFBfkBrn4pcy2NHGokH+w/hihWBiNSlYaTKTQTi6dksYKO6XUkB716ujUmwhPLYpG89FuBisXzkgnzG7jYNePqYumSH/rT78+9kYC6LRbePj2HTFcD09NIBKLi42vDrWYFfHRaqQUwJ48MYdRQbeg1YQHQMQJiAYORxOSl7P7ZUnsSM5rpsWaJtAPg7ZgXQHusSXML67ZABsGmt7x+sztH0j3KzqRgj/M1qgqKtKKzCLx66Ra5zFyoI3iosr1WvMEzWpZ2MvPOJ3V6ZzqABqoiwZ/HgarXUrckIL8dMKuG7Db6shBYJfLamVyU8qU1rRoeVNoG9egh10K8tRi1KohFIQo6Z0ZyvKzUNRZBpsSWPiPlubXU25M5vPrmhqp1JOuj5kPGKE9a+5wcttYapIG3qNpmSVVaqEdjLmqEV3j+4iw3slATw+t1UI9UVGU/1yHtBoArG1vZiyWQY8ZPluYKXl6krXYUTrYk+YMEQ0UzWAzRfxhmP5VK7C57PCHYtKl1P6CMVUyB5xeL0y1KesqhkUYop47hC8+KWzT4/08FtcW4ZH6g/vKg6mLv68f9Y3v3hi7fWHU63Xcv7WDyamIbMBgMEjklEEjDE9uB+E3kFvQM1ESbAn3MOzrDIOpCK3ZSJUlz4N7lYJyom8kOkrEvggLSrpespGHffRaA/iiQSHgaL3DybjOItSjjqA5JT25iLqUwaULIxowGhVGIStxYwoMn/RJRgR+Yt5I3LA639DQyMhP1KuRMjU4Id3POow8UQA0swCeCLG1Y0opMAzFXIkyIx+mkQFlB8vh9KvYs6DB6YDFhlEfg/FApGw4T7KzCyROXNqVobMsBS10c9kkDelTgJt5iJmuCwqICBFjE8dwxYOnTlZunQvZx3C7FBlBXjcLXdaGHLqywyZwDBf/jAGJSpCkL6jyo0xsjZOXRQHQW0jbUIqW1S6XFYBEBlTSUNMiEr+0kU75Zb9aaaG5hU+Gf2apzezCaiqcWKeNOTSuYevzjyX9S6+cNTrITtlrDz/9RBoAM6urUrMp8/Mp9IMFErUeqbmT+Nl77ap8fs5J5O4WtAXjP/UEvJi2tHn/8p9OjktlGzo9G4p1uob2EQ4G4LENESCikqfW7YYvQNadU9RCdKmMtZhAhLmJyc8gJJxRjq6jatVmpxkPjzWvWOJ86ODkcSHA+QVBiE47OtUyatk8IjMULogq3lHYikTNqlmjlUtoJmbNAXgzGQSwyX50YKXTUYohl/b3cbi9j+TcLOZOr8JJZUZZKFJmVRtJNWz0oevw04JVaMooF4jlvitpFg8rFR4NxOMptECjmsettz9AmlJAnMvEJxCIB7BP3/CRDQunV+Dxq4yn1DJyo6qUp95rnKabm0t+bqW2CkfReaBJxWSCPVBtr2EX4wEF1wZiBtTnrdgnFUDxS/Qlod86xdgGXeKmujKDGom/idK6+FqE1SkawdQuBKbKnIEC2lRBdKsXi7gFm2EqV4mKiC4GIaO+LkumtY4CDJ9SujQABZUQtTSHzZrLw2FAUJIe6bisW6hEw+aELhM94lmLlkQ8g3yOcb8rGgjMRgRSOh7APjY8n7FDin1WW9wTImo3ouOYDf1uXbhENldARgtEBXuD8Sf2B3//P74ydvlp32vHzuNNVPJtrF6ax6DZQHplVaKQpBTSOTHXrTGDH9Fsh4spE2n9QorUZfqhDqIKHITwQu7cvI/tzSxOnZrH1RuXtEi3Q/zZeUCCySn4Q1GMpEZgzqooUb1uhuj1+uiKaaXeIozE7DqxMLTbhwjw6uWmoxe6kIGK6A2aKBVa8AejmF6cFBV23lCtVk+ip8/HqKs2XIPhGE2RT7Uj6HXIfIQpDhd9RK8Nr/FLlOYCeR1aHDNoSFHbHyG3uYVGtYlgMib6W2wm3Lr5AB989BhzS7P4xtevIRb1o1ptotsfYWpuQnWCZa3o306EqbklKHTmYE5sYbMsRIIFBrXqAoPzOsEzmZ/LuWcNoYgBIm1P9HKlaDTwDXF6NTegQUerT71i2RS1qwJxXDvWHkPJClS7WA6avI+Ssth5I6pAHGXl5GkgYPdQJ/+asluyr6a01fTRpMZqqad7iP8ZJXyctEho0C+FdhpuDFlvuhzSkeStTVAiIfVM0dnFJHqCLWp+Fu6ZBh2w2h2RKqL4ntfnROk4jwa9W2xBnHpmDWeuXkF0YvKJw9Q7/9vrY4z9QvKhCX21NMDM6RjGdPtJp2WT6pei6mAbg6Hm3oKglam7qndw0DjqNaXvz5qXYte9HheQswc7jjNNfHSviGZnjPOLfly5QH61Lki/10O92hMDyGCAqZMN5WIHx5kWghGyyWJCwNrdK+IgW8dkKoKFuTiODmvoULjYzVlFC+fO0146IZ02dkO6nQFiqahwuAl4XDg7x94lsrtZHO2yE+bFwpk5xNMxeXi3v3iA929uI+D14quvPoP5hZiIQtSKpKZmkF5ZRGJmQt6vdJjFwU4R1VIDl2+clwP6ybu3sLzK7otNlEAWllLY3y/ih+89QrHexnwijK9/5QzcowHWN/LYzNbxzNoUluZScDlHqGRz2NsuIT4ZRYw6s3JR6s2bzbfRHgI+rxfJANvPNLgZY0wXrq5HhPX8AXp3sPM4FrcpShlRKTLKgarTLUNLtl9VT4pC2OxCUqdMfUUkzTohneluVWLUU0BFvZ7NoE4PnAR1QdxqI8H85MSY1FyDpuQxXUGrhXCC/9LbUi/xsYwR7nzwCRLTM1g8e1aIeJ1WHR++8Za0y6PxoMBMpuZT+OKjzwQUefH6RYz6Xdx5822cevYFJOanUM/to5zLYObsBRw8uItKIY/6YRbe2Cz8EyEc71fFyIdd2Bu//hq84lwcwYyVYv3gXz4z3l1voFRp4SjfQG/oRijghsfhRijkhcttA1tgR4UOguEA2rU6pmaTiMf90q3afLyLcnuA567MYW6ekIkBMocZ3LqTlWj4/AtnEZ1M4OZnD/H2zUPpXV9dm8Lr37gMQr9EEaXdQaNQl/64LxKQDVzIVAW2QmWT2dVF5A9zyGULIlPZqJaweHYOezs11GodLK9MSP4dibCVPERiKi1WcVu3N0RaiAY38ck0oukI8nvHCESiqJQKKOXqUuwvX1hALlvGj37yCdb3CnhmbQXf/uZzGNTy8Hk9SM3P4f67H2Lm7CVMLM8JI66arSC9OIv7H36CS6+8KAqMP/7bN9BvteEYD7B0bg0XX7iErUfb+N7fvIN6s42F6Th+5/dfx6c/eVfUR37+//4SrXYNv/9PfxeF42Nktg4Ri4UwdDgxvTwl3PDli2fxydsf4P/5D2+hN7QhHQ3hj/7ZP0YyHULm4Ah/9+9/jIPjKpYWpvGHf/L7sA27yB4d4/vf+3tkiy3Mzs3i13/zVUEYsA1b2ttCs9KSVMLjdKHbbaJaKaNa6cMfcCFFGSa5PUZyo/pChNewRtE6YmggNoGQX+STqGXR6Y5Ejsnn1yaLQJQobm163mxW8BDyWVMQQ+orEcXmwVMJVtpZ88DyBuAEf3d9G5ntPdTqTTzz0jVMz03Jum9vHmJ75whXn78kPI+7n9zC4V4BS6fncGptAfXiIbJ7JWklJ9JeDMm73y9g9uwacvtHiCYmMOiUkT8uIzwZQbVuQzodwu56Di//xjfEhs7ji2Da8ij82b9+aezyJWW2cLCdQ7szQiTmgn3kFJ2ocCKIzMY2AvFZBJNhPH73JmbOzaPbH+Ldd7bweKciqc1vffs85hensPNwBx+9+wiF+gjTMzF8+7dfFIuE3HEB29s5OGx9hD0OnLlyXkhXDJPdZlNE3FhUN3tj6SrMrzLac55ShzfsF8HmidkZBEN+qSkiUR8KpS6ODyp47oUzSE1FsLOxj3KhgaVTswgGqVjSkQI1f5QXrgp91judISYXuPmykhrOLqXgD7jxzrvr+Pj2kUiMvnBpEWcWIygdlsTdKjkTR+7BI8xeOAenx4VPfvWZDPwSE1Hs3N7EpVcuIhr3oFapoZApoVFpSEq3enlVAsbGoz2Z4NNOLhH145e/eojf+sOvwjbq4u/+77fx9V9/AcVsHVe/9DwO1x+hU+/JWlOgIjUVxne/+2/R6LnBTC6dCOO/+W//C6ED/Nv//T9gO1uH2+HGc8+s4T/75/8I5eIx/ubffR+f3tzCyO7EpXOr+KN//o8w7NRQONwTd91WqYjYwmlph5IS26530euMUM4XcPFLNyTl3bv/GNmDPVE0Sc/OC96OzMbMQQG1ShNXX72GdrWA+5/fxeajI5y6dAHnnl0ThEO7WcWd24/w6PERAoEALl5ewezsBHJ7ezjaOBQOfHwmifTinMzOKuUqdvfyiEUjWFmdRbVSEp7NuFFEZ+TD3Okl5A8P0O2MhaZ7/8E+llfnxEY8kkgim81Jce4e9jC9kEbm8AippVU09zeQmJ3G8fYBzlx/EeXcIeqFIhyOMerNARbPn8Kn79zE4soCHt/dwdXXXhB1l2B0AjOWP8jP/qeXxt5wCuu3HiA1M4f9jV10ezRaJFzbi3DYi9xBGbNrS6hm89jbPMbZy/NY38zgnc/K6IxsSAYd+NoLi0hMurF59xh3HlRBPvX8VBjXXuLQkQVSF+PuCM1aC7XyEMm5JPw+FzrtDg62C+JTF0v4MXIFsLVRhNfrRNDvwuRUANFUBNubFRwfNJGcjGDp1CRiIRfKFJmrDzAzl0RyIoxCsYFGvYeJRAChsEY9NgGOd4/RbPZkeFUp1NFpdNBpNBBORrFwmpbNLhSKLdSaIzQrddgGPSwspaVRUK92REytsP4IM+fPwh8Oyc3TbLfhD3nw6OM7WLt2FvGkoXWOh6gUith+dIQLL1wW4Wwie9mTf3xrS7S3Hj7OYHf9QNLJiYVJrJ1J45Nf3RHTHcr2hAN2zJ5KyNxg2B3jZx9sYW8vj7mZFAs2fPmr52QQ+9ntY2SqAzgxwOn5GJ6/cQaP7u/iBz+/i5HDgZDLhUQqje/8+iX0y2UEwxPwJ2Ji3zx37gJ7OchubCC5fFY4Fcfbu1i8cB57jx5i0LdjZnURbq8P7WpZICHUttp/8EjEAK9/8zXcfPs9fPjGx1KPXP/qdbz4rS+Lwvvn736Mn/38AxwV67hy5TK++a1XYGvncPuX7yF7mJMUaunieZx+7ioqlapAeDL7R2g2Orjw3AURl3v48S0MGnVcfu1FLJxfwsadddx8767UL8vnz2FueRK//NGbMsel9cTs0hJsA61FHTYbzlx/Hp3iIVrlMsqFKq79xndQyx5i6/OHCKWTaLU7WL58Hj/6v/4jnHZqCHjxnT/5A/gDbBeHMHXJtHn//l8+N+7Bg5sfPRYhrnymjr7UFDb4Az4RMa4UWEcA6ckJFHJ5pKY88IWDqLQoedmGnejbfhfLl+bJNEazyVmES2RlgokIoomw0HRHIydqtTIye/uijMds9f7nj/D+Ww8FqvLCS2ew9twaSoW6qF4QkjEetpBeIKaJBpA2uFzUjGJXxaVEKYopCDeChap2Y9RdiqkyJ9NjZHcPUSk0MDGbRjhOhKwN+/c30O/ZMXNmCcFY8CSvzu0fo5itYm51BqEERR1UoG7j/Y+RPnsOkcmUAvxMvv3J37+LuYtnRFOW6QXbrpVcHp+/cwvXv/UVEZ6QNud4jP+vqXNrSusMo/DioICEkwIKKB5Cqs54SkxzKNY4sTeZJG1metOmM2l/Si/6G/oDOtPp4aJtMp06bTLJ1FyktWmsTEPBAygoAnIIiqgI7M56906n18zAHvbe3/e9a73vs2K//QlHTw9c3RYcVgFTuwUmK3usGJl8iOMai8kG1ldiuDj/ljjv/G0eKxtNnbRmPP7qAeY/ugOTUUFD0cuDXUqnsLHyEuE7N4WNFVlehcvdBYtJh5+/X8CN96/DrAM2o2swtauGpdVlh6XDjNLOnvCM9WYS1Vtw93mFKcbxAm8vcZ+kKZaws1mAb9CHYiaHet2A4HAvIksxZLMlWDoMOH91SlhbO5tpLPyyjNh6CWz+nrs2hvDVEexE4/jnj7js4IxSHJ95E97BAGIrq7C5nejyuJDfzqMn6IPbaxMjz9DWknly8TGaDdTrFAYM8gw0G1WsvVzF6YkOVqsFtdox/MEeWCx62THYC2Zh3oeuiY0XEQxemMTpCZOrWmhjCOsRYDljRnRpBZ6BfkR+X8Hs7VvwBQdFWPFNaglTP342rRTzVRjbSS7vwGZ8Gw6PC4VMGYOjQ/D2dTGJWEgihAHsxDdhPmMW2ZRyLjtSK9ks8ok8Rq5NCduVN5UguUI6C0XPcJizWtJUS1bXdHwL/aMDqFZqePr4L2wki+juciI8N4GR6WFRRthuUc4XUNs/QjA0KDFsam6FaraxOCS5hKO5rOtUH0IVD17n5dF3oRpSzJUkj4SmpbPTLi9TOrGNw2oD/gEf7C6bamA1GnJ9hb1DKf6sds6rQNSsZCQOR6BP8kxUuVGd1Y48i6DTH5AbayI5RVFQq1bwYjGKi+/MoOOMSc70XGCSkRiMZjv8Ibegk2TRAHvetE5adh4f1PD420eYfnscwXEW/6orzQukL7X43ROE352HlUYpv5TAuMIuni88xNy9e2qgphBjdCjmi7j/xQ+48eF7CAQ8IsTQcC1sJWWB8b8xLKoUpdSjwyqyiU3JiCcz97+5FqqHJ3WUcyWcHtdR3Mkgm8rhys1ZHLyqYP/VAarlMliTEDbH4+V6chd7pQM5Lfi8LoyMBoRDXKvyfrUkGtzmILTNjXJxH3v5spTsDqcDLpdFWGsGQ0slt3CRkEKefoXGv5GF4UQ1r3VG6Q7ey5bgD3rk/07FtyVKmlxmo7GF6NNnCF28LAGral4InyOa0ArqzQZ2UwUsPlrC1MwlXJoNw2pjDXJXNQrvfzqtpJIVWS1z2X1ktiuYvDwAu8WCDocJbUw9ooSnEA5XR2YthzaTHu7eLnFRWZS+KpOEcYihcbUjs1Vvobp/gFK5ipNaA33nemTbYzHG6ASG4fT2OdFUmojGCqLQhIa6ERrqhNWqSsech66Uq9ivHKN3wId20d4VdRiLejt1d609W1KK5HOtp/r1tI2uJcYivyedzMLtcQrgmEevzNYuMuk99IcG4PVzV1ANMEZb83gUYEgQ8ZmyUzSx/iIGu9cr4GyaS69NNMLO6AOS40WWE70EvrhPHjzDxJUJePyMORAeD1KrCeymcpgMn4eR8+Y8HtRrWqaj2tJFyfSnr39FqN+D0ZlJ8TeIdWVxe8pj2vMt9I340NnFXU81FGvVI6w9j2F8dkpWTJnU1Btkd19aTGAiPIFAwIY24oDAHMQyjo/1OHeJLyDQ3t4hQOjMWhL0f0cvX1A7CoTMqLnfWuRafGkZib/XMffBLel05uw923/YSHp2akzGI6hkUgJORDfQaCg4Nz4KE0N1xDVXUNqKS9QAI7B5ZGIfF1d27hQq5UljDIjRp3VuaHP60s2haIAITfRiRgghgaS7Wx12rC7H4ezpFoQpn6PlhYcYu3Ydbdr9+f+MvcjbjTq++fxL3P74EzhcNsl290/d1f0LdPTLvjyHYSYAAAAASUVORK5CYII=', '', '11,19,12,13,14,15,16,17,18');
INSERT INTO `project` (`id`, `name`, `created`, `path`, `lastChange`, `last_change`, `changed_by`, `created_by`, `thumbnail_base64_encoding`, `comments`, `images_ordering`) VALUES
(13, 'PZ', '2018-10-28 18:08:36', 'pz', NULL, '2018-10-28 19:08:36', NULL, NULL, NULL, 'Prueba', NULL);

-- --------------------------------------------------------

--
-- Table structure for table `region`
--

CREATE TABLE `region` (
  `id` bigint(20) NOT NULL,
  `bounding_box` varchar(255) NOT NULL COMMENT 'Format: fromX,fromY,toX,toY (all them integer)',
  `page_id` bigint(20) NOT NULL
) ENGINE=InnoDB DEFAULT CHARSET=utf8;

--
-- Dumping data for table `region`
--

INSERT INTO `region` (`id`, `bounding_box`, `page_id`) VALUES
(1, '0,0,200,300', 1),
(2, '0,300,200,400', 1);

-- --------------------------------------------------------

--
-- Table structure for table `symbol`
--

CREATE TABLE `symbol` (
  `id` bigint(20) NOT NULL,
  `bounding_box` varchar(255) DEFAULT NULL COMMENT 'Format: fromX,toX,fromY,toY',
  `strokes` varchar(2048) DEFAULT NULL COMMENT 'Format is application dependent',
  `agnostic_encoding` varchar(256) DEFAULT NULL,
  `region_id` bigint(20) NOT NULL
) ENGINE=InnoDB DEFAULT CHARSET=utf8;

--
-- Dumping data for table `symbol`
--

INSERT INTO `symbol` (`id`, `bounding_box`, `strokes`, `agnostic_encoding`, `region_id`) VALUES
(1, '11,22,33,44', 'C:0,5,8;2,10,18;3,30,56;4,65,23&30,10,20;31,50,33', 'clef.G:L2', 1);

-- --------------------------------------------------------

--
-- Table structure for table `user`
--

CREATE TABLE `user` (
  `id` int(11) NOT NULL,
  `username` varchar(256) NOT NULL
) ENGINE=InnoDB DEFAULT CHARSET=utf8;

--
-- Dumping data for table `user`
--

INSERT INTO `user` (`id`, `username`) VALUES
(1, 'admin');

--
-- Indexes for dumped tables
--

--
-- Indexes for table `image`
--
ALTER TABLE `image`
  ADD PRIMARY KEY (`id`),
  ADD KEY `project_id_idx` (`project_id`);

--
-- Indexes for table `page`
--
ALTER TABLE `page`
  ADD PRIMARY KEY (`id`),
  ADD UNIQUE KEY `bounding_box` (`bounding_box`,`image_id`),
  ADD KEY `FK_IMAGE` (`image_id`);

--
-- Indexes for table `project`
--
ALTER TABLE `project`
  ADD PRIMARY KEY (`id`),
  ADD UNIQUE KEY `name` (`name`),
  ADD KEY `FK4xmscdxf05neuod55f1l2amfb` (`changed_by`),
  ADD KEY `FKepfrx92jw3n2lkjn2qqj1n93k` (`created_by`);

--
-- Indexes for table `region`
--
ALTER TABLE `region`
  ADD PRIMARY KEY (`id`),
  ADD UNIQUE KEY `bounding_box` (`bounding_box`,`page_id`),
  ADD KEY `FK_PAGE` (`page_id`);

--
-- Indexes for table `symbol`
--
ALTER TABLE `symbol`
  ADD PRIMARY KEY (`id`),
  ADD KEY `FK_REGION` (`region_id`);

--
-- Indexes for table `user`
--
ALTER TABLE `user`
  ADD PRIMARY KEY (`id`),
  ADD UNIQUE KEY `username` (`username`);

--
-- AUTO_INCREMENT for dumped tables
--

--
-- AUTO_INCREMENT for table `image`
--
ALTER TABLE `image`
  MODIFY `id` bigint(20) NOT NULL AUTO_INCREMENT, AUTO_INCREMENT=20;

--
-- AUTO_INCREMENT for table `page`
--
ALTER TABLE `page`
  MODIFY `id` bigint(20) NOT NULL AUTO_INCREMENT, AUTO_INCREMENT=3;

--
-- AUTO_INCREMENT for table `project`
--
ALTER TABLE `project`
  MODIFY `id` int(11) NOT NULL AUTO_INCREMENT, AUTO_INCREMENT=14;

--
-- AUTO_INCREMENT for table `region`
--
ALTER TABLE `region`
  MODIFY `id` bigint(20) NOT NULL AUTO_INCREMENT, AUTO_INCREMENT=3;

--
-- AUTO_INCREMENT for table `symbol`
--
ALTER TABLE `symbol`
  MODIFY `id` bigint(20) NOT NULL AUTO_INCREMENT, AUTO_INCREMENT=2;

--
-- AUTO_INCREMENT for table `user`
--
ALTER TABLE `user`
  MODIFY `id` int(11) NOT NULL AUTO_INCREMENT, AUTO_INCREMENT=2;

--
-- Constraints for dumped tables
--

--
-- Constraints for table `image`
--
ALTER TABLE `image`
  ADD CONSTRAINT `FK_PROJECTW` FOREIGN KEY (`project_id`) REFERENCES `project` (`id`);

--
-- Constraints for table `page`
--
ALTER TABLE `page`
  ADD CONSTRAINT `FK_IMAGE` FOREIGN KEY (`image_id`) REFERENCES `image` (`id`);

--
-- Constraints for table `project`
--
ALTER TABLE `project`
  ADD CONSTRAINT `FK4xmscdxf05neuod55f1l2amfb` FOREIGN KEY (`changed_by`) REFERENCES `user` (`id`),
  ADD CONSTRAINT `FKepfrx92jw3n2lkjn2qqj1n93k` FOREIGN KEY (`created_by`) REFERENCES `user` (`id`);

--
-- Constraints for table `region`
--
ALTER TABLE `region`
  ADD CONSTRAINT `FK_PAGE` FOREIGN KEY (`page_id`) REFERENCES `page` (`id`);

--
-- Constraints for table `symbol`
--
ALTER TABLE `symbol`
  ADD CONSTRAINT `FK_REGION` FOREIGN KEY (`region_id`) REFERENCES `region` (`id`);
